rows,cols,implementation,scope,sample,order_slot,elapsed_ms,seed
1,128,torch_softmax,resident_cuda_event_per_call,0,0,0.00638783991337,20260829
1,128,kernel_lab_custom,resident_cuda_event_per_call,0,1,0.00710367977619,20260829
1,128,kernel_lab_custom,resident_cuda_event_per_call,1,0,0.00687520027161,20260829
1,128,torch_softmax,resident_cuda_event_per_call,1,1,0.00599168002605,20260829
1,128,torch_softmax,resident_cuda_event_per_call,2,0,0.00621183991432,20260829
1,128,kernel_lab_custom,resident_cuda_event_per_call,2,1,0.00683871984482,20260829
1,128,kernel_lab_custom,resident_cuda_event_per_call,3,0,0.00673503994942,20260829
1,128,torch_softmax,resident_cuda_event_per_call,3,1,0.00596192002296,20260829
1,128,torch_softmax,resident_cuda_event_per_call,4,0,0.00601823985577,20260829
1,128,kernel_lab_custom,resident_cuda_event_per_call,4,1,0.00679359972477,20260829
1,128,kernel_lab_custom,resident_cuda_event_per_call,5,0,0.00691136002541,20260829
1,128,torch_softmax,resident_cuda_event_per_call,5,1,0.00590879976749,20260829
1,128,torch_softmax,resident_cuda_event_per_call,6,0,0.00588800013065,20260829
1,128,kernel_lab_custom,resident_cuda_event_per_call,6,1,0.00696319997311,20260829
1,128,kernel_lab_custom,resident_cuda_event_per_call,7,0,0.00676383972168,20260829
1,128,torch_softmax,resident_cuda_event_per_call,7,1,0.00597440004349,20260829
1,128,torch_softmax,resident_cuda_event_per_call,8,0,0.00595456004143,20260829
1,128,kernel_lab_custom,resident_cuda_event_per_call,8,1,0.00678719997406,20260829
1,128,kernel_lab_custom,resident_cuda_event_per_call,9,0,0.00669408023357,20260829
1,128,torch_softmax,resident_cuda_event_per_call,9,1,0.00607775986195,20260829
1,128,torch_softmax,resident_cuda_event_per_call,10,0,0.00600607991219,20260829
1,128,kernel_lab_custom,resident_cuda_event_per_call,10,1,0.00672479987144,20260829
1,128,kernel_lab_custom,resident_cuda_event_per_call,11,0,0.00684063971043,20260829
1,128,torch_softmax,resident_cuda_event_per_call,11,1,0.00598720014095,20260829
1,128,torch_softmax,resident_cuda_event_per_call,12,0,0.0060054397583,20260829
1,128,kernel_lab_custom,resident_cuda_event_per_call,12,1,0.00690912008286,20260829
1,128,kernel_lab_custom,resident_cuda_event_per_call,13,0,0.00677407979965,20260829
1,128,torch_softmax,resident_cuda_event_per_call,13,1,0.00599008023739,20260829
1,128,torch_softmax,resident_cuda_event_per_call,14,0,0.00611072003841,20260829
1,128,kernel_lab_custom,resident_cuda_event_per_call,14,1,0.00689535975456,20260829
1,128,kernel_lab_custom,resident_cuda_event_per_call,15,0,0.00688000023365,20260829
1,128,torch_softmax,resident_cuda_event_per_call,15,1,0.0062377601862,20260829
1,128,torch_softmax,resident_cuda_event_per_call,16,0,0.00590528011322,20260829
1,128,kernel_lab_custom,resident_cuda_event_per_call,16,1,0.00678816020489,20260829
1,128,kernel_lab_custom,resident_cuda_event_per_call,17,0,0.00688319981098,20260829
1,128,torch_softmax,resident_cuda_event_per_call,17,1,0.00598815977573,20260829
1,128,torch_softmax,resident_cuda_event_per_call,18,0,0.00602367997169,20260829
1,128,kernel_lab_custom,resident_cuda_event_per_call,18,1,0.00688575983047,20260829
1,128,kernel_lab_custom,resident_cuda_event_per_call,19,0,0.00682911992073,20260829
1,128,torch_softmax,resident_cuda_event_per_call,19,1,0.00595103979111,20260829
1,128,torch_softmax,resident_cuda_event_per_call,20,0,0.00611775994301,20260829
1,128,kernel_lab_custom,resident_cuda_event_per_call,20,1,0.0068304002285,20260829
1,128,torch_softmax,cpu_to_cuda_to_cpu_wall,0,0,0.101281329989,20260829
1,128,kernel_lab_custom,cpu_to_cuda_to_cpu_wall,0,1,0.0984109938145,20260829
1,128,kernel_lab_custom,cpu_to_cuda_to_cpu_wall,1,0,0.0460315495729,20260829
1,128,torch_softmax,cpu_to_cuda_to_cpu_wall,1,1,0.0488590449095,20260829
1,128,torch_softmax,cpu_to_cuda_to_cpu_wall,2,0,0.0636447221041,20260829
1,128,kernel_lab_custom,cpu_to_cuda_to_cpu_wall,2,1,0.0447165220976,20260829
1,128,kernel_lab_custom,cpu_to_cuda_to_cpu_wall,3,0,0.0409241765738,20260829
1,128,torch_softmax,cpu_to_cuda_to_cpu_wall,3,1,0.0436939299107,20260829
1,128,torch_softmax,cpu_to_cuda_to_cpu_wall,4,0,0.039454549551,20260829
1,128,kernel_lab_custom,cpu_to_cuda_to_cpu_wall,4,1,0.0469479709864,20260829
1,128,kernel_lab_custom,cpu_to_cuda_to_cpu_wall,5,0,0.0409632921219,20260829
1,128,torch_softmax,cpu_to_cuda_to_cpu_wall,5,1,0.0406540930271,20260829
1,128,torch_softmax,cpu_to_cuda_to_cpu_wall,6,0,0.0378675758839,20260829
1,128,kernel_lab_custom,cpu_to_cuda_to_cpu_wall,6,1,0.0414922833443,20260829
1,128,kernel_lab_custom,cpu_to_cuda_to_cpu_wall,7,0,0.0406745821238,20260829
1,128,torch_softmax,cpu_to_cuda_to_cpu_wall,7,1,0.0387188047171,20260829
1,128,torch_softmax,cpu_to_cuda_to_cpu_wall,8,0,0.0488720834255,20260829
1,128,kernel_lab_custom,cpu_to_cuda_to_cpu_wall,8,1,0.0483393669128,20260829
1,128,kernel_lab_custom,cpu_to_cuda_to_cpu_wall,9,0,0.0404119491577,20260829
1,128,torch_softmax,cpu_to_cuda_to_cpu_wall,9,1,0.0408682972193,20260829
1,128,torch_softmax,cpu_to_cuda_to_cpu_wall,10,0,0.0430718064308,20260829
1,128,kernel_lab_custom,cpu_to_cuda_to_cpu_wall,10,1,0.0512059777975,20260829
1,128,kernel_lab_custom,cpu_to_cuda_to_cpu_wall,11,0,0.0424850732088,20260829
1,128,torch_softmax,cpu_to_cuda_to_cpu_wall,11,1,0.039879232645,20260829
1,128,torch_softmax,cpu_to_cuda_to_cpu_wall,12,0,0.0382568687201,20260829
1,128,kernel_lab_custom,cpu_to_cuda_to_cpu_wall,12,1,0.0405330210924,20260829
1,128,kernel_lab_custom,cpu_to_cuda_to_cpu_wall,13,0,0.0394955277443,20260829
1,128,torch_softmax,cpu_to_cuda_to_cpu_wall,13,1,0.0385232269764,20260829
1,128,torch_softmax,cpu_to_cuda_to_cpu_wall,14,0,0.037332996726,20260829
1,128,kernel_lab_custom,cpu_to_cuda_to_cpu_wall,14,1,0.0551398843527,20260829
1,128,kernel_lab_custom,cpu_to_cuda_to_cpu_wall,15,0,0.0446494668722,20260829
1,128,torch_softmax,cpu_to_cuda_to_cpu_wall,15,1,0.0397004187107,20260829
1,128,torch_softmax,cpu_to_cuda_to_cpu_wall,16,0,0.043136999011,20260829
1,128,kernel_lab_custom,cpu_to_cuda_to_cpu_wall,16,1,0.0583194196224,20260829
1,128,kernel_lab_custom,cpu_to_cuda_to_cpu_wall,17,0,0.0564865767956,20260829
1,128,torch_softmax,cpu_to_cuda_to_cpu_wall,17,1,0.0504292547703,20260829
1,128,torch_softmax,cpu_to_cuda_to_cpu_wall,18,0,0.0430438667536,20260829
1,128,kernel_lab_custom,cpu_to_cuda_to_cpu_wall,18,1,0.0457521528006,20260829
1,128,kernel_lab_custom,cpu_to_cuda_to_cpu_wall,19,0,0.0430271029472,20260829
1,128,torch_softmax,cpu_to_cuda_to_cpu_wall,19,1,0.0407416373491,20260829
1,128,torch_softmax,cpu_to_cuda_to_cpu_wall,20,0,0.0380165874958,20260829
1,128,kernel_lab_custom,cpu_to_cuda_to_cpu_wall,20,1,0.0449325889349,20260829
7,37,torch_softmax,resident_cuda_event_per_call,0,0,0.00605023980141,20260829
7,37,kernel_lab_custom,resident_cuda_event_per_call,0,1,0.00688768029213,20260829
7,37,kernel_lab_custom,resident_cuda_event_per_call,1,0,0.00675231993198,20260829
7,37,torch_softmax,resident_cuda_event_per_call,1,1,0.00625216007233,20260829
7,37,torch_softmax,resident_cuda_event_per_call,2,0,0.00888320028782,20260829
7,37,kernel_lab_custom,resident_cuda_event_per_call,2,1,0.00713087975979,20260829
7,37,kernel_lab_custom,resident_cuda_event_per_call,3,0,0.00700479984283,20260829
7,37,torch_softmax,resident_cuda_event_per_call,3,1,0.00646016001701,20260829
7,37,torch_softmax,resident_cuda_event_per_call,4,0,0.00606208026409,20260829
7,37,kernel_lab_custom,resident_cuda_event_per_call,4,1,0.00692480027676,20260829
7,37,kernel_lab_custom,resident_cuda_event_per_call,5,0,0.00799296021461,20260829
7,37,torch_softmax,resident_cuda_event_per_call,5,1,0.00781728029251,20260829
7,37,torch_softmax,resident_cuda_event_per_call,6,0,0.00618816018105,20260829
7,37,kernel_lab_custom,resident_cuda_event_per_call,6,1,0.00693216025829,20260829
7,37,kernel_lab_custom,resident_cuda_event_per_call,7,0,0.00681119978428,20260829
7,37,torch_softmax,resident_cuda_event_per_call,7,1,0.006057279706,20260829
7,37,torch_softmax,resident_cuda_event_per_call,8,0,0.00608223974705,20260829
7,37,kernel_lab_custom,resident_cuda_event_per_call,8,1,0.0077481597662,20260829
7,37,kernel_lab_custom,resident_cuda_event_per_call,9,0,0.00671136021614,20260829
7,37,torch_softmax,resident_cuda_event_per_call,9,1,0.00610624015331,20260829
7,37,torch_softmax,resident_cuda_event_per_call,10,0,0.00624383985996,20260829
7,37,kernel_lab_custom,resident_cuda_event_per_call,10,1,0.00781311988831,20260829
7,37,kernel_lab_custom,resident_cuda_event_per_call,11,0,0.00673536002636,20260829
7,37,torch_softmax,resident_cuda_event_per_call,11,1,0.00601760029793,20260829
7,37,torch_softmax,resident_cuda_event_per_call,12,0,0.00591679990292,20260829
7,37,kernel_lab_custom,resident_cuda_event_per_call,12,1,0.00804895997047,20260829
7,37,kernel_lab_custom,resident_cuda_event_per_call,13,0,0.00762719988823,20260829
7,37,torch_softmax,resident_cuda_event_per_call,13,1,0.00614175975323,20260829
7,37,torch_softmax,resident_cuda_event_per_call,14,0,0.00616191983223,20260829
7,37,kernel_lab_custom,resident_cuda_event_per_call,14,1,0.00692704021931,20260829
7,37,kernel_lab_custom,resident_cuda_event_per_call,15,0,0.00673152029514,20260829
7,37,torch_softmax,resident_cuda_event_per_call,15,1,0.00626720011234,20260829
7,37,torch_softmax,resident_cuda_event_per_call,16,0,0.00627008020878,20260829
7,37,kernel_lab_custom,resident_cuda_event_per_call,16,1,0.00676032006741,20260829
7,37,kernel_lab_custom,resident_cuda_event_per_call,17,0,0.00677375972271,20260829
7,37,torch_softmax,resident_cuda_event_per_call,17,1,0.00604224026203,20260829
7,37,torch_softmax,resident_cuda_event_per_call,18,0,0.00600192010403,20260829
7,37,kernel_lab_custom,resident_cuda_event_per_call,18,1,0.00685343980789,20260829
7,37,kernel_lab_custom,resident_cuda_event_per_call,19,0,0.00684863984585,20260829
7,37,torch_softmax,resident_cuda_event_per_call,19,1,0.00606944024563,20260829
7,37,torch_softmax,resident_cuda_event_per_call,20,0,0.00603615999222,20260829
7,37,kernel_lab_custom,resident_cuda_event_per_call,20,1,0.00704959988594,20260829
7,37,torch_softmax,cpu_to_cuda_to_cpu_wall,0,0,0.0956188887358,20260829
7,37,kernel_lab_custom,cpu_to_cuda_to_cpu_wall,0,1,0.0513028353453,20260829
7,37,kernel_lab_custom,cpu_to_cuda_to_cpu_wall,1,0,0.0527780503035,20260829
7,37,torch_softmax,cpu_to_cuda_to_cpu_wall,1,1,0.0445675104856,20260829
7,37,torch_softmax,cpu_to_cuda_to_cpu_wall,2,0,0.0398177653551,20260829
7,37,kernel_lab_custom,cpu_to_cuda_to_cpu_wall,2,1,0.0430252403021,20260829
7,37,kernel_lab_custom,cpu_to_cuda_to_cpu_wall,3,0,0.050475820899,20260829
7,37,torch_softmax,cpu_to_cuda_to_cpu_wall,3,1,0.0422745943069,20260829
7,37,torch_softmax,cpu_to_cuda_to_cpu_wall,4,0,0.0389348715544,20260829
7,37,kernel_lab_custom,cpu_to_cuda_to_cpu_wall,4,1,0.0421274453402,20260829
7,37,kernel_lab_custom,cpu_to_cuda_to_cpu_wall,5,0,0.0407416373491,20260829
7,37,torch_softmax,cpu_to_cuda_to_cpu_wall,5,1,0.0394750386477,20260829
7,37,torch_softmax,cpu_to_cuda_to_cpu_wall,6,0,0.0388342887163,20260829
7,37,kernel_lab_custom,cpu_to_cuda_to_cpu_wall,6,1,0.0413451343775,20260829
7,37,kernel_lab_custom,cpu_to_cuda_to_cpu_wall,7,0,0.0528320670128,20260829
7,37,torch_softmax,cpu_to_cuda_to_cpu_wall,7,1,0.0466294586658,20260829
7,37,torch_softmax,cpu_to_cuda_to_cpu_wall,8,0,0.0394117087126,20260829
7,37,kernel_lab_custom,cpu_to_cuda_to_cpu_wall,8,1,0.043211504817,20260829
7,37,kernel_lab_custom,cpu_to_cuda_to_cpu_wall,9,0,0.042513012886,20260829
7,37,torch_softmax,cpu_to_cuda_to_cpu_wall,9,1,0.0487789511681,20260829
7,37,torch_softmax,cpu_to_cuda_to_cpu_wall,10,0,0.0406745821238,20260829
7,37,kernel_lab_custom,cpu_to_cuda_to_cpu_wall,10,1,0.0446494668722,20260829
7,37,kernel_lab_custom,cpu_to_cuda_to_cpu_wall,11,0,0.0411663204432,20260829
7,37,torch_softmax,cpu_to_cuda_to_cpu_wall,11,1,0.0404603779316,20260829
7,37,torch_softmax,cpu_to_cuda_to_cpu_wall,12,0,0.0390745699406,20260829
7,37,kernel_lab_custom,cpu_to_cuda_to_cpu_wall,12,1,0.0413432717323,20260829
7,37,kernel_lab_custom,cpu_to_cuda_to_cpu_wall,13,0,0.0421348959208,20260829
7,37,torch_softmax,cpu_to_cuda_to_cpu_wall,13,1,0.0533126294613,20260829
7,37,torch_softmax,cpu_to_cuda_to_cpu_wall,14,0,0.0557620078325,20260829
7,37,kernel_lab_custom,cpu_to_cuda_to_cpu_wall,14,1,0.0618305057287,20260829
7,37,kernel_lab_custom,cpu_to_cuda_to_cpu_wall,15,0,0.0680070370436,20260829
7,37,torch_softmax,cpu_to_cuda_to_cpu_wall,15,1,0.0498108565807,20260829
7,37,torch_softmax,cpu_to_cuda_to_cpu_wall,16,0,0.0398587435484,20260829
7,37,kernel_lab_custom,cpu_to_cuda_to_cpu_wall,16,1,0.0440590083599,20260829
7,37,kernel_lab_custom,cpu_to_cuda_to_cpu_wall,17,0,0.0403728336096,20260829
7,37,torch_softmax,cpu_to_cuda_to_cpu_wall,17,1,0.039741396904,20260829
7,37,torch_softmax,cpu_to_cuda_to_cpu_wall,18,0,0.03931671381,20260829
7,37,kernel_lab_custom,cpu_to_cuda_to_cpu_wall,18,1,0.0413488596678,20260829
7,37,kernel_lab_custom,cpu_to_cuda_to_cpu_wall,19,0,0.0574495643377,20260829
7,37,torch_softmax,cpu_to_cuda_to_cpu_wall,19,1,0.0409446656704,20260829
7,37,torch_softmax,cpu_to_cuda_to_cpu_wall,20,0,0.0389907509089,20260829
7,37,kernel_lab_custom,cpu_to_cuda_to_cpu_wall,20,1,0.0409856438637,20260829
1024,128,torch_softmax,resident_cuda_event_per_call,0,0,0.00694144010544,20260829
1024,128,kernel_lab_custom,resident_cuda_event_per_call,0,1,0.00780192017555,20260829
1024,128,kernel_lab_custom,resident_cuda_event_per_call,1,0,0.00704064011574,20260829
1024,128,torch_softmax,resident_cuda_event_per_call,1,1,0.00610848009586,20260829
1024,128,torch_softmax,resident_cuda_event_per_call,2,0,0.00596992015839,20260829
1024,128,kernel_lab_custom,resident_cuda_event_per_call,2,1,0.00683647990227,20260829
1024,128,kernel_lab_custom,resident_cuda_event_per_call,3,0,0.00696096003056,20260829
1024,128,torch_softmax,resident_cuda_event_per_call,3,1,0.00615935981274,20260829
1024,128,torch_softmax,resident_cuda_event_per_call,4,0,0.00601055979729,20260829
1024,128,kernel_lab_custom,resident_cuda_event_per_call,4,1,0.00691775977612,20260829
1024,128,kernel_lab_custom,resident_cuda_event_per_call,5,0,0.00677568018436,20260829
1024,128,torch_softmax,resident_cuda_event_per_call,5,1,0.00598272025585,20260829
1024,128,torch_softmax,resident_cuda_event_per_call,6,0,0.00580384016037,20260829
1024,128,kernel_lab_custom,resident_cuda_event_per_call,6,1,0.00679840028286,20260829
1024,128,kernel_lab_custom,resident_cuda_event_per_call,7,0,0.00698176026344,20260829
1024,128,torch_softmax,resident_cuda_event_per_call,7,1,0.00600319981575,20260829
1024,128,torch_softmax,resident_cuda_event_per_call,8,0,0.00594496011734,20260829
1024,128,kernel_lab_custom,resident_cuda_event_per_call,8,1,0.00684127986431,20260829
1024,128,kernel_lab_custom,resident_cuda_event_per_call,9,0,0.00686464011669,20260829
1024,128,torch_softmax,resident_cuda_event_per_call,9,1,0.00594976007938,20260829
1024,128,torch_softmax,resident_cuda_event_per_call,10,0,0.00593280017376,20260829
1024,128,kernel_lab_custom,resident_cuda_event_per_call,10,1,0.00687583982944,20260829
1024,128,kernel_lab_custom,resident_cuda_event_per_call,11,0,0.00688736021519,20260829
1024,128,torch_softmax,resident_cuda_event_per_call,11,1,0.0060054397583,20260829
1024,128,torch_softmax,resident_cuda_event_per_call,12,0,0.00597567975521,20260829
1024,128,kernel_lab_custom,resident_cuda_event_per_call,12,1,0.00683903992176,20260829
1024,128,kernel_lab_custom,resident_cuda_event_per_call,13,0,0.00681183993816,20260829
1024,128,torch_softmax,resident_cuda_event_per_call,13,1,0.00594720005989,20260829
1024,128,torch_softmax,resident_cuda_event_per_call,14,0,0.00599359989166,20260829
1024,128,kernel_lab_custom,resident_cuda_event_per_call,14,1,0.00683583974838,20260829
1024,128,kernel_lab_custom,resident_cuda_event_per_call,15,0,0.00688768029213,20260829
1024,128,torch_softmax,resident_cuda_event_per_call,15,1,0.00587167978287,20260829
1024,128,torch_softmax,resident_cuda_event_per_call,16,0,0.00588864028454,20260829
1024,128,kernel_lab_custom,resident_cuda_event_per_call,16,1,0.00678911983967,20260829
1024,128,kernel_lab_custom,resident_cuda_event_per_call,17,0,0.0066883200407,20260829
1024,128,torch_softmax,resident_cuda_event_per_call,17,1,0.00606464028358,20260829
1024,128,torch_softmax,resident_cuda_event_per_call,18,0,0.00586943984032,20260829
1024,128,kernel_lab_custom,resident_cuda_event_per_call,18,1,0.00691648006439,20260829
1024,128,kernel_lab_custom,resident_cuda_event_per_call,19,0,0.00686432003975,20260829
1024,128,torch_softmax,resident_cuda_event_per_call,19,1,0.00593952000141,20260829
1024,128,torch_softmax,resident_cuda_event_per_call,20,0,0.00596831977367,20260829
1024,128,kernel_lab_custom,resident_cuda_event_per_call,20,1,0.00677504003048,20260829
1024,128,torch_softmax,cpu_to_cuda_to_cpu_wall,0,0,0.513872131705,20260829
1024,128,kernel_lab_custom,cpu_to_cuda_to_cpu_wall,0,1,0.259045511484,20260829
1024,128,kernel_lab_custom,cpu_to_cuda_to_cpu_wall,1,0,0.224813818932,20260829
1024,128,torch_softmax,cpu_to_cuda_to_cpu_wall,1,1,0.216400250793,20260829
1024,128,torch_softmax,cpu_to_cuda_to_cpu_wall,2,0,0.21349452436,20260829
1024,128,kernel_lab_custom,cpu_to_cuda_to_cpu_wall,2,1,0.19477121532,20260829
1024,128,kernel_lab_custom,cpu_to_cuda_to_cpu_wall,3,0,0.2018250525,20260829
1024,128,torch_softmax,cpu_to_cuda_to_cpu_wall,3,1,0.188680365682,20260829
1024,128,torch_softmax,cpu_to_cuda_to_cpu_wall,4,0,0.22067502141,20260829
1024,128,kernel_lab_custom,cpu_to_cuda_to_cpu_wall,4,1,0.210175290704,20260829
1024,128,kernel_lab_custom,cpu_to_cuda_to_cpu_wall,5,0,0.202296301723,20260829
1024,128,torch_softmax,cpu_to_cuda_to_cpu_wall,5,1,0.195035710931,20260829
1024,128,torch_softmax,cpu_to_cuda_to_cpu_wall,6,0,0.228883698583,20260829
1024,128,kernel_lab_custom,cpu_to_cuda_to_cpu_wall,6,1,0.191615894437,20260829
1024,128,kernel_lab_custom,cpu_to_cuda_to_cpu_wall,7,0,0.205434858799,20260829
1024,128,torch_softmax,cpu_to_cuda_to_cpu_wall,7,1,0.193068757653,20260829
1024,128,torch_softmax,cpu_to_cuda_to_cpu_wall,8,0,0.209854915738,20260829
1024,128,kernel_lab_custom,cpu_to_cuda_to_cpu_wall,8,1,0.227726995945,20260829
1024,128,kernel_lab_custom,cpu_to_cuda_to_cpu_wall,9,0,0.208627432585,20260829
1024,128,torch_softmax,cpu_to_cuda_to_cpu_wall,9,1,0.205423682928,20260829
1024,128,torch_softmax,cpu_to_cuda_to_cpu_wall,10,0,0.226652249694,20260829
1024,128,kernel_lab_custom,cpu_to_cuda_to_cpu_wall,10,1,0.234866514802,20260829
1024,128,kernel_lab_custom,cpu_to_cuda_to_cpu_wall,11,0,0.226689502597,20260829
1024,128,torch_softmax,cpu_to_cuda_to_cpu_wall,11,1,0.200452283025,20260829
1024,128,torch_softmax,cpu_to_cuda_to_cpu_wall,12,0,0.203933566809,20260829
1024,128,kernel_lab_custom,cpu_to_cuda_to_cpu_wall,12,1,0.215282663703,20260829
1024,128,kernel_lab_custom,cpu_to_cuda_to_cpu_wall,13,0,0.217409804463,20260829
1024,128,torch_softmax,cpu_to_cuda_to_cpu_wall,13,1,0.229243189096,20260829
1024,128,torch_softmax,cpu_to_cuda_to_cpu_wall,14,0,0.196505337954,20260829
1024,128,kernel_lab_custom,cpu_to_cuda_to_cpu_wall,14,1,0.230431556702,20260829
1024,128,kernel_lab_custom,cpu_to_cuda_to_cpu_wall,15,0,0.198306515813,20260829
1024,128,torch_softmax,cpu_to_cuda_to_cpu_wall,15,1,0.193618237972,20260829
1024,128,torch_softmax,cpu_to_cuda_to_cpu_wall,16,0,0.206142663956,20260829
1024,128,kernel_lab_custom,cpu_to_cuda_to_cpu_wall,16,1,0.201085582376,20260829
1024,128,kernel_lab_custom,cpu_to_cuda_to_cpu_wall,17,0,0.213133171201,20260829
1024,128,torch_softmax,cpu_to_cuda_to_cpu_wall,17,1,0.221149995923,20260829
1024,128,torch_softmax,cpu_to_cuda_to_cpu_wall,18,0,0.226719304919,20260829
1024,128,kernel_lab_custom,cpu_to_cuda_to_cpu_wall,18,1,0.230262055993,20260829
1024,128,kernel_lab_custom,cpu_to_cuda_to_cpu_wall,19,0,0.230764970183,20260829
1024,128,torch_softmax,cpu_to_cuda_to_cpu_wall,19,1,0.206843018532,20260829
1024,128,torch_softmax,cpu_to_cuda_to_cpu_wall,20,0,0.199154019356,20260829
1024,128,kernel_lab_custom,cpu_to_cuda_to_cpu_wall,20,1,0.225946307182,20260829
1024,257,torch_softmax,resident_cuda_event_per_call,0,0,0.00790624022484,20260829
1024,257,kernel_lab_custom,resident_cuda_event_per_call,0,1,0.00892288029194,20260829
1024,257,kernel_lab_custom,resident_cuda_event_per_call,1,0,0.00881280004978,20260829
1024,257,torch_softmax,resident_cuda_event_per_call,1,1,0.00738592028618,20260829
1024,257,torch_softmax,resident_cuda_event_per_call,2,0,0.00617695987225,20260829
1024,257,kernel_lab_custom,resident_cuda_event_per_call,2,1,0.00706752002239,20260829
1024,257,kernel_lab_custom,resident_cuda_event_per_call,3,0,0.00696703970432,20260829
1024,257,torch_softmax,resident_cuda_event_per_call,3,1,0.0059807997942,20260829
1024,257,torch_softmax,resident_cuda_event_per_call,4,0,0.00602079987526,20260829
1024,257,kernel_lab_custom,resident_cuda_event_per_call,4,1,0.00684992015362,20260829
1024,257,kernel_lab_custom,resident_cuda_event_per_call,5,0,0.00678111970425,20260829
1024,257,torch_softmax,resident_cuda_event_per_call,5,1,0.00622816026211,20260829
1024,257,torch_softmax,resident_cuda_event_per_call,6,0,0.00623903989792,20260829
1024,257,kernel_lab_custom,resident_cuda_event_per_call,6,1,0.00688448011875,20260829
1024,257,kernel_lab_custom,resident_cuda_event_per_call,7,0,0.00689152002335,20260829
1024,257,torch_softmax,resident_cuda_event_per_call,7,1,0.00606239974499,20260829
1024,257,torch_softmax,resident_cuda_event_per_call,8,0,0.00606112003326,20260829
1024,257,kernel_lab_custom,resident_cuda_event_per_call,8,1,0.00689152002335,20260829
1024,257,kernel_lab_custom,resident_cuda_event_per_call,9,0,0.0068191999197,20260829
1024,257,torch_softmax,resident_cuda_event_per_call,9,1,0.00602303981781,20260829
1024,257,torch_softmax,resident_cuda_event_per_call,10,0,0.00599008023739,20260829
1024,257,kernel_lab_custom,resident_cuda_event_per_call,10,1,0.00685216009617,20260829
1024,257,kernel_lab_custom,resident_cuda_event_per_call,11,0,0.00681631982327,20260829
1024,257,torch_softmax,resident_cuda_event_per_call,11,1,0.0062377601862,20260829
1024,257,torch_softmax,resident_cuda_event_per_call,12,0,0.0060912001133,20260829
1024,257,kernel_lab_custom,resident_cuda_event_per_call,12,1,0.00685855984688,20260829
1024,257,kernel_lab_custom,resident_cuda_event_per_call,13,0,0.00736959993839,20260829
1024,257,torch_softmax,resident_cuda_event_per_call,13,1,0.00619167983532,20260829
1024,257,torch_softmax,resident_cuda_event_per_call,14,0,0.006057279706,20260829
1024,257,kernel_lab_custom,resident_cuda_event_per_call,14,1,0.00699072003365,20260829
1024,257,kernel_lab_custom,resident_cuda_event_per_call,15,0,0.00686143994331,20260829
1024,257,torch_softmax,resident_cuda_event_per_call,15,1,0.00603488028049,20260829
1024,257,torch_softmax,resident_cuda_event_per_call,16,0,0.00607967972755,20260829
1024,257,kernel_lab_custom,resident_cuda_event_per_call,16,1,0.00690208017826,20260829
1024,257,kernel_lab_custom,resident_cuda_event_per_call,17,0,0.00681792020798,20260829
1024,257,torch_softmax,resident_cuda_event_per_call,17,1,0.00612576007843,20260829
1024,257,torch_softmax,resident_cuda_event_per_call,18,0,0.00599744021893,20260829
1024,257,kernel_lab_custom,resident_cuda_event_per_call,18,1,0.0068348801136,20260829
1024,257,kernel_lab_custom,resident_cuda_event_per_call,19,0,0.00679520010948,20260829
1024,257,torch_softmax,resident_cuda_event_per_call,19,1,0.00612223982811,20260829
1024,257,torch_softmax,resident_cuda_event_per_call,20,0,0.00595423996449,20260829
1024,257,kernel_lab_custom,resident_cuda_event_per_call,20,1,0.00694368004799,20260829
1024,257,torch_softmax,cpu_to_cuda_to_cpu_wall,0,0,0.790445134044,20260829
1024,257,kernel_lab_custom,cpu_to_cuda_to_cpu_wall,0,1,0.915955752134,20260829
1024,257,kernel_lab_custom,cpu_to_cuda_to_cpu_wall,1,0,0.397469848394,20260829
1024,257,torch_softmax,cpu_to_cuda_to_cpu_wall,1,1,0.391524285078,20260829
1024,257,torch_softmax,cpu_to_cuda_to_cpu_wall,2,0,0.853484496474,20260829
1024,257,kernel_lab_custom,cpu_to_cuda_to_cpu_wall,2,1,0.377427786589,20260829
1024,257,kernel_lab_custom,cpu_to_cuda_to_cpu_wall,3,0,0.442756339908,20260829
1024,257,torch_softmax,cpu_to_cuda_to_cpu_wall,3,1,0.421775504947,20260829
1024,257,torch_softmax,cpu_to_cuda_to_cpu_wall,4,0,0.342750921845,20260829
1024,257,kernel_lab_custom,cpu_to_cuda_to_cpu_wall,4,1,0.400315970182,20260829
1024,257,kernel_lab_custom,cpu_to_cuda_to_cpu_wall,5,0,0.417608767748,20260829
1024,257,torch_softmax,cpu_to_cuda_to_cpu_wall,5,1,0.406838953495,20260829
1024,257,torch_softmax,cpu_to_cuda_to_cpu_wall,6,0,0.354314222932,20260829
1024,257,kernel_lab_custom,cpu_to_cuda_to_cpu_wall,6,1,0.416358932853,20260829
1024,257,kernel_lab_custom,cpu_to_cuda_to_cpu_wall,7,0,0.428499653935,20260829
1024,257,torch_softmax,cpu_to_cuda_to_cpu_wall,7,1,0.412218272686,20260829
1024,257,torch_softmax,cpu_to_cuda_to_cpu_wall,8,0,0.344859436154,20260829
1024,257,kernel_lab_custom,cpu_to_cuda_to_cpu_wall,8,1,0.401781871915,20260829
1024,257,kernel_lab_custom,cpu_to_cuda_to_cpu_wall,9,0,0.413687899709,20260829
1024,257,torch_softmax,cpu_to_cuda_to_cpu_wall,9,1,0.35310164094,20260829
1024,257,torch_softmax,cpu_to_cuda_to_cpu_wall,10,0,0.345502048731,20260829
1024,257,kernel_lab_custom,cpu_to_cuda_to_cpu_wall,10,1,0.410640612245,20260829
1024,257,kernel_lab_custom,cpu_to_cuda_to_cpu_wall,11,0,0.423654913902,20260829
1024,257,torch_softmax,cpu_to_cuda_to_cpu_wall,11,1,0.422153621912,20260829
1024,257,torch_softmax,cpu_to_cuda_to_cpu_wall,12,0,0.346029177308,20260829
1024,257,kernel_lab_custom,cpu_to_cuda_to_cpu_wall,12,1,0.397047027946,20260829
1024,257,kernel_lab_custom,cpu_to_cuda_to_cpu_wall,13,0,0.425908714533,20260829
1024,257,torch_softmax,cpu_to_cuda_to_cpu_wall,13,1,0.356903299689,20260829
1024,257,torch_softmax,cpu_to_cuda_to_cpu_wall,14,0,0.34293346107,20260829
1024,257,kernel_lab_custom,cpu_to_cuda_to_cpu_wall,14,1,0.411119312048,20260829
1024,257,kernel_lab_custom,cpu_to_cuda_to_cpu_wall,15,0,0.425990670919,20260829
1024,257,torch_softmax,cpu_to_cuda_to_cpu_wall,15,1,0.407883897424,20260829
1024,257,torch_softmax,cpu_to_cuda_to_cpu_wall,16,0,0.34499168396,20260829
1024,257,kernel_lab_custom,cpu_to_cuda_to_cpu_wall,16,1,0.40621496737,20260829
1024,257,kernel_lab_custom,cpu_to_cuda_to_cpu_wall,17,0,0.423332676291,20260829
1024,257,torch_softmax,cpu_to_cuda_to_cpu_wall,17,1,0.349424779415,20260829
1024,257,torch_softmax,cpu_to_cuda_to_cpu_wall,18,0,0.354580581188,20260829
1024,257,kernel_lab_custom,cpu_to_cuda_to_cpu_wall,18,1,0.396257266402,20260829
1024,257,kernel_lab_custom,cpu_to_cuda_to_cpu_wall,19,0,0.41377171874,20260829
1024,257,torch_softmax,cpu_to_cuda_to_cpu_wall,19,1,0.417459756136,20260829
1024,257,torch_softmax,cpu_to_cuda_to_cpu_wall,20,0,0.355137512088,20260829
1024,257,kernel_lab_custom,cpu_to_cuda_to_cpu_wall,20,1,0.41427090764,20260829
1024,512,torch_softmax,resident_cuda_event_per_call,0,0,0.00792447984219,20260829
1024,512,kernel_lab_custom,resident_cuda_event_per_call,0,1,0.00858496010303,20260829
1024,512,kernel_lab_custom,resident_cuda_event_per_call,1,0,0.0070403200388,20260829
1024,512,torch_softmax,resident_cuda_event_per_call,1,1,0.00614911973476,20260829
1024,512,torch_softmax,resident_cuda_event_per_call,2,0,0.00606144011021,20260829
1024,512,kernel_lab_custom,resident_cuda_event_per_call,2,1,0.00700959980488,20260829
1024,512,kernel_lab_custom,resident_cuda_event_per_call,3,0,0.0068777602911,20260829
1024,512,torch_softmax,resident_cuda_event_per_call,3,1,0.00616703987122,20260829
1024,512,torch_softmax,resident_cuda_event_per_call,4,0,0.00606656014919,20260829
1024,512,kernel_lab_custom,resident_cuda_event_per_call,4,1,0.00693952023983,20260829
1024,512,kernel_lab_custom,resident_cuda_event_per_call,5,0,0.00695071995258,20260829
1024,512,torch_softmax,resident_cuda_event_per_call,5,1,0.006203520298,20260829
1024,512,torch_softmax,resident_cuda_event_per_call,6,0,0.0060211199522,20260829
1024,512,kernel_lab_custom,resident_cuda_event_per_call,6,1,0.00724960029125,20260829
1024,512,kernel_lab_custom,resident_cuda_event_per_call,7,0,0.006878079772,20260829
1024,512,torch_softmax,resident_cuda_event_per_call,7,1,0.00614144027233,20260829
1024,512,torch_softmax,resident_cuda_event_per_call,8,0,0.00604672014713,20260829
1024,512,kernel_lab_custom,resident_cuda_event_per_call,8,1,0.00694944024086,20260829
1024,512,kernel_lab_custom,resident_cuda_event_per_call,9,0,0.00695263981819,20260829
1024,512,torch_softmax,resident_cuda_event_per_call,9,1,0.00610783994198,20260829
1024,512,torch_softmax,resident_cuda_event_per_call,10,0,0.0060483199358,20260829
1024,512,kernel_lab_custom,resident_cuda_event_per_call,10,1,0.00696031987667,20260829
1024,512,kernel_lab_custom,resident_cuda_event_per_call,11,0,0.00688768029213,20260829
1024,512,torch_softmax,resident_cuda_event_per_call,11,1,0.00606495976448,20260829
1024,512,torch_softmax,resident_cuda_event_per_call,12,0,0.00617983996868,20260829
1024,512,kernel_lab_custom,resident_cuda_event_per_call,12,1,0.00692831993103,20260829
1024,512,kernel_lab_custom,resident_cuda_event_per_call,13,0,0.00692128002644,20260829
1024,512,torch_softmax,resident_cuda_event_per_call,13,1,0.00610751986504,20260829
1024,512,torch_softmax,resident_cuda_event_per_call,14,0,0.00605184018612,20260829
1024,512,kernel_lab_custom,resident_cuda_event_per_call,14,1,0.0068911999464,20260829
1024,512,kernel_lab_custom,resident_cuda_event_per_call,15,0,0.00695200026035,20260829
1024,512,torch_softmax,resident_cuda_event_per_call,15,1,0.00707615971565,20260829
1024,512,torch_softmax,resident_cuda_event_per_call,16,0,0.00611455976963,20260829
1024,512,kernel_lab_custom,resident_cuda_event_per_call,16,1,0.00705024003983,20260829
1024,512,kernel_lab_custom,resident_cuda_event_per_call,17,0,0.00696928024292,20260829
1024,512,torch_softmax,resident_cuda_event_per_call,17,1,0.00613759994507,20260829
1024,512,torch_softmax,resident_cuda_event_per_call,18,0,0.006143040061,20260829
1024,512,kernel_lab_custom,resident_cuda_event_per_call,18,1,0.00703360021114,20260829
1024,512,kernel_lab_custom,resident_cuda_event_per_call,19,0,0.00686847984791,20260829
1024,512,torch_softmax,resident_cuda_event_per_call,19,1,0.00601311981678,20260829
1024,512,torch_softmax,resident_cuda_event_per_call,20,0,0.00628607988358,20260829
1024,512,kernel_lab_custom,resident_cuda_event_per_call,20,1,0.00694464027882,20260829
1024,512,torch_softmax,cpu_to_cuda_to_cpu_wall,0,0,0.621151179075,20260829
1024,512,kernel_lab_custom,cpu_to_cuda_to_cpu_wall,0,1,0.595141202211,20260829
1024,512,kernel_lab_custom,cpu_to_cuda_to_cpu_wall,1,0,0.501656904817,20260829
1024,512,torch_softmax,cpu_to_cuda_to_cpu_wall,1,1,0.513939186931,20260829
1024,512,torch_softmax,cpu_to_cuda_to_cpu_wall,2,0,0.610087066889,20260829
1024,512,kernel_lab_custom,cpu_to_cuda_to_cpu_wall,2,1,0.509178265929,20260829
1024,512,kernel_lab_custom,cpu_to_cuda_to_cpu_wall,3,0,0.49819983542,20260829
1024,512,torch_softmax,cpu_to_cuda_to_cpu_wall,3,1,0.492906197906,20260829
1024,512,torch_softmax,cpu_to_cuda_to_cpu_wall,4,0,0.500911846757,20260829
1024,512,kernel_lab_custom,cpu_to_cuda_to_cpu_wall,4,1,0.501703470945,20260829
1024,512,kernel_lab_custom,cpu_to_cuda_to_cpu_wall,5,0,0.504955649376,20260829
1024,512,torch_softmax,cpu_to_cuda_to_cpu_wall,5,1,0.507386401296,20260829
1024,512,torch_softmax,cpu_to_cuda_to_cpu_wall,6,0,0.490799546242,20260829
1024,512,kernel_lab_custom,cpu_to_cuda_to_cpu_wall,6,1,0.49627572298,20260829
1024,512,kernel_lab_custom,cpu_to_cuda_to_cpu_wall,7,0,0.49533136189,20260829
1024,512,torch_softmax,cpu_to_cuda_to_cpu_wall,7,1,0.512383878231,20260829
1024,512,torch_softmax,cpu_to_cuda_to_cpu_wall,8,0,0.489519909024,20260829
1024,512,kernel_lab_custom,cpu_to_cuda_to_cpu_wall,8,1,0.504620373249,20260829
1024,512,kernel_lab_custom,cpu_to_cuda_to_cpu_wall,9,0,0.501656904817,20260829
1024,512,torch_softmax,cpu_to_cuda_to_cpu_wall,9,1,0.499965623021,20260829
1024,512,torch_softmax,cpu_to_cuda_to_cpu_wall,10,0,0.494731590152,20260829
1024,512,kernel_lab_custom,cpu_to_cuda_to_cpu_wall,10,1,0.503860414028,20260829
1024,512,kernel_lab_custom,cpu_to_cuda_to_cpu_wall,11,0,0.5097463727,20260829
1024,512,torch_softmax,cpu_to_cuda_to_cpu_wall,11,1,0.534038990736,20260829
1024,512,torch_softmax,cpu_to_cuda_to_cpu_wall,12,0,0.577816739678,20260829
1024,512,kernel_lab_custom,cpu_to_cuda_to_cpu_wall,12,1,0.563120469451,20260829
1024,512,kernel_lab_custom,cpu_to_cuda_to_cpu_wall,13,0,0.547742471099,20260829
1024,512,torch_softmax,cpu_to_cuda_to_cpu_wall,13,1,0.524170696735,20260829
1024,512,torch_softmax,cpu_to_cuda_to_cpu_wall,14,0,0.498672947288,20260829
1024,512,kernel_lab_custom,cpu_to_cuda_to_cpu_wall,14,1,0.514151528478,20260829
1024,512,kernel_lab_custom,cpu_to_cuda_to_cpu_wall,15,0,0.513153150678,20260829
1024,512,torch_softmax,cpu_to_cuda_to_cpu_wall,15,1,0.517221167684,20260829
1024,512,torch_softmax,cpu_to_cuda_to_cpu_wall,16,0,0.516712665558,20260829
1024,512,kernel_lab_custom,cpu_to_cuda_to_cpu_wall,16,1,0.514900311828,20260829
1024,512,kernel_lab_custom,cpu_to_cuda_to_cpu_wall,17,0,0.513082370162,20260829
1024,512,torch_softmax,cpu_to_cuda_to_cpu_wall,17,1,0.499652698636,20260829
1024,512,torch_softmax,cpu_to_cuda_to_cpu_wall,18,0,0.493593513966,20260829
1024,512,kernel_lab_custom,cpu_to_cuda_to_cpu_wall,18,1,0.486277043819,20260829
1024,512,kernel_lab_custom,cpu_to_cuda_to_cpu_wall,19,0,0.496167689562,20260829
1024,512,torch_softmax,cpu_to_cuda_to_cpu_wall,19,1,0.487824901938,20260829
1024,512,torch_softmax,cpu_to_cuda_to_cpu_wall,20,0,0.485263764858,20260829
1024,512,kernel_lab_custom,cpu_to_cuda_to_cpu_wall,20,1,0.495444983244,20260829
1024,1024,torch_softmax,resident_cuda_event_per_call,0,0,0.017860159874,20260829
1024,1024,kernel_lab_custom,resident_cuda_event_per_call,0,1,0.0185142397881,20260829
1024,1024,kernel_lab_custom,resident_cuda_event_per_call,1,0,0.0185190403461,20260829
1024,1024,torch_softmax,resident_cuda_event_per_call,1,1,0.0178540802002,20260829
1024,1024,torch_softmax,resident_cuda_event_per_call,2,0,0.0177251195908,20260829
1024,1024,kernel_lab_custom,resident_cuda_event_per_call,2,1,0.0185977602005,20260829
1024,1024,kernel_lab_custom,resident_cuda_event_per_call,3,0,0.0185203194618,20260829
1024,1024,torch_softmax,resident_cuda_event_per_call,3,1,0.0177715194225,20260829
1024,1024,torch_softmax,resident_cuda_event_per_call,4,0,0.0178208005428,20260829
1024,1024,kernel_lab_custom,resident_cuda_event_per_call,4,1,0.0185315203667,20260829
1024,1024,kernel_lab_custom,resident_cuda_event_per_call,5,0,0.0184633600712,20260829
1024,1024,torch_softmax,resident_cuda_event_per_call,5,1,0.0178057599068,20260829
1024,1024,torch_softmax,resident_cuda_event_per_call,6,0,0.0178035199642,20260829
1024,1024,kernel_lab_custom,resident_cuda_event_per_call,6,1,0.0185344004631,20260829
1024,1024,kernel_lab_custom,resident_cuda_event_per_call,7,0,0.0185126399994,20260829
1024,1024,torch_softmax,resident_cuda_event_per_call,7,1,0.0179132795334,20260829
1024,1024,torch_softmax,resident_cuda_event_per_call,8,0,0.01784512043,20260829
1024,1024,kernel_lab_custom,resident_cuda_event_per_call,8,1,0.0187241601944,20260829
1024,1024,kernel_lab_custom,resident_cuda_event_per_call,9,0,0.0186044800282,20260829
1024,1024,torch_softmax,resident_cuda_event_per_call,9,1,0.0180089604855,20260829
1024,1024,torch_softmax,resident_cuda_event_per_call,10,0,0.0179315197468,20260829
1024,1024,kernel_lab_custom,resident_cuda_event_per_call,10,1,0.0186800003052,20260829
1024,1024,kernel_lab_custom,resident_cuda_event_per_call,11,0,0.0186435198784,20260829
1024,1024,torch_softmax,resident_cuda_event_per_call,11,1,0.0179375994205,20260829
1024,1024,torch_softmax,resident_cuda_event_per_call,12,0,0.0178179204464,20260829
1024,1024,kernel_lab_custom,resident_cuda_event_per_call,12,1,0.018671040535,20260829
1024,1024,kernel_lab_custom,resident_cuda_event_per_call,13,0,0.0187622404099,20260829
1024,1024,torch_softmax,resident_cuda_event_per_call,13,1,0.018212480545,20260829
1024,1024,torch_softmax,resident_cuda_event_per_call,14,0,0.0181139194965,20260829
1024,1024,kernel_lab_custom,resident_cuda_event_per_call,14,1,0.0188902401924,20260829
1024,1024,kernel_lab_custom,resident_cuda_event_per_call,15,0,0.0188579201698,20260829
1024,1024,torch_softmax,resident_cuda_event_per_call,15,1,0.0181273603439,20260829
1024,1024,torch_softmax,resident_cuda_event_per_call,16,0,0.0180470395088,20260829
1024,1024,kernel_lab_custom,resident_cuda_event_per_call,16,1,0.0188886404037,20260829
1024,1024,kernel_lab_custom,resident_cuda_event_per_call,17,0,0.0188838398457,20260829
1024,1024,torch_softmax,resident_cuda_event_per_call,17,1,0.0181443202496,20260829
1024,1024,torch_softmax,resident_cuda_event_per_call,18,0,0.0180979204178,20260829
1024,1024,kernel_lab_custom,resident_cuda_event_per_call,18,1,0.0190307199955,20260829
1024,1024,kernel_lab_custom,resident_cuda_event_per_call,19,0,0.019108799696,20260829
1024,1024,torch_softmax,resident_cuda_event_per_call,19,1,0.0183062398434,20260829
1024,1024,torch_softmax,resident_cuda_event_per_call,20,0,0.0182556796074,20260829
1024,1024,kernel_lab_custom,resident_cuda_event_per_call,20,1,0.0190911996365,20260829
1024,1024,torch_softmax,cpu_to_cuda_to_cpu_wall,0,0,3.09259258211,20260829
1024,1024,kernel_lab_custom,cpu_to_cuda_to_cpu_wall,0,1,1.00494176149,20260829
1024,1024,kernel_lab_custom,cpu_to_cuda_to_cpu_wall,1,0,1.0531693697,20260829
1024,1024,torch_softmax,cpu_to_cuda_to_cpu_wall,1,1,0.943591818213,20260829
1024,1024,torch_softmax,cpu_to_cuda_to_cpu_wall,2,0,1.03501230478,20260829
1024,1024,kernel_lab_custom,cpu_to_cuda_to_cpu_wall,2,1,0.976240262389,20260829
1024,1024,kernel_lab_custom,cpu_to_cuda_to_cpu_wall,3,0,0.986101105809,20260829
1024,1024,torch_softmax,cpu_to_cuda_to_cpu_wall,3,1,0.988723710179,20260829
1024,1024,torch_softmax,cpu_to_cuda_to_cpu_wall,4,0,0.960059463978,20260829
1024,1024,kernel_lab_custom,cpu_to_cuda_to_cpu_wall,4,1,0.855054706335,20260829
1024,1024,kernel_lab_custom,cpu_to_cuda_to_cpu_wall,5,0,0.93868561089,20260829
1024,1024,torch_softmax,cpu_to_cuda_to_cpu_wall,5,1,1.04765966535,20260829
1024,1024,torch_softmax,cpu_to_cuda_to_cpu_wall,6,0,0.834763050079,20260829
1024,1024,kernel_lab_custom,cpu_to_cuda_to_cpu_wall,6,1,0.900063663721,20260829
1024,1024,kernel_lab_custom,cpu_to_cuda_to_cpu_wall,7,0,0.945961102843,20260829
1024,1024,torch_softmax,cpu_to_cuda_to_cpu_wall,7,1,0.961154699326,20260829
1024,1024,torch_softmax,cpu_to_cuda_to_cpu_wall,8,0,0.959357246757,20260829
1024,1024,kernel_lab_custom,cpu_to_cuda_to_cpu_wall,8,1,1.03562697768,20260829
1024,1024,kernel_lab_custom,cpu_to_cuda_to_cpu_wall,9,0,0.875907018781,20260829
1024,1024,torch_softmax,cpu_to_cuda_to_cpu_wall,9,1,0.939041376114,20260829
1024,1024,torch_softmax,cpu_to_cuda_to_cpu_wall,10,0,0.917823985219,20260829
1024,1024,kernel_lab_custom,cpu_to_cuda_to_cpu_wall,10,1,0.85891969502,20260829
1024,1024,kernel_lab_custom,cpu_to_cuda_to_cpu_wall,11,0,0.976219773293,20260829
1024,1024,torch_softmax,cpu_to_cuda_to_cpu_wall,11,1,0.837868079543,20260829
1024,1024,torch_softmax,cpu_to_cuda_to_cpu_wall,12,0,0.782417133451,20260829
1024,1024,kernel_lab_custom,cpu_to_cuda_to_cpu_wall,12,1,0.96882507205,20260829
1024,1024,kernel_lab_custom,cpu_to_cuda_to_cpu_wall,13,0,0.914134085178,20260829
1024,1024,torch_softmax,cpu_to_cuda_to_cpu_wall,13,1,0.777263194323,20260829
1024,1024,torch_softmax,cpu_to_cuda_to_cpu_wall,14,0,0.757621601224,20260829
1024,1024,kernel_lab_custom,cpu_to_cuda_to_cpu_wall,14,1,0.763980671763,20260829
1024,1024,kernel_lab_custom,cpu_to_cuda_to_cpu_wall,15,0,0.975005328655,20260829
1024,1024,torch_softmax,cpu_to_cuda_to_cpu_wall,15,1,0.857448205352,20260829
1024,1024,torch_softmax,cpu_to_cuda_to_cpu_wall,16,0,0.755086541176,20260829
1024,1024,kernel_lab_custom,cpu_to_cuda_to_cpu_wall,16,1,0.888159498572,20260829
1024,1024,kernel_lab_custom,cpu_to_cuda_to_cpu_wall,17,0,0.841319561005,20260829
1024,1024,torch_softmax,cpu_to_cuda_to_cpu_wall,17,1,0.891329720616,20260829
1024,1024,torch_softmax,cpu_to_cuda_to_cpu_wall,18,0,0.887542963028,20260829
1024,1024,kernel_lab_custom,cpu_to_cuda_to_cpu_wall,18,1,0.899195671082,20260829
1024,1024,kernel_lab_custom,cpu_to_cuda_to_cpu_wall,19,0,0.780653208494,20260829
1024,1024,torch_softmax,cpu_to_cuda_to_cpu_wall,19,1,0.956123694777,20260829
1024,1024,torch_softmax,cpu_to_cuda_to_cpu_wall,20,0,0.947153195739,20260829
1024,1024,kernel_lab_custom,cpu_to_cuda_to_cpu_wall,20,1,0.766346231103,20260829
1024,2048,torch_softmax,resident_cuda_event_per_call,0,0,0.0370547199249,20260829
1024,2048,kernel_lab_custom,resident_cuda_event_per_call,0,1,0.0423087978363,20260829
1024,2048,kernel_lab_custom,resident_cuda_event_per_call,1,0,0.0423660802841,20260829
1024,2048,torch_softmax,resident_cuda_event_per_call,1,1,0.0371056008339,20260829
1024,2048,torch_softmax,resident_cuda_event_per_call,2,0,0.0371068811417,20260829
1024,2048,kernel_lab_custom,resident_cuda_event_per_call,2,1,0.0422691202164,20260829
1024,2048,kernel_lab_custom,resident_cuda_event_per_call,3,0,0.0422476816177,20260829
1024,2048,torch_softmax,resident_cuda_event_per_call,3,1,0.037175359726,20260829
1024,2048,torch_softmax,resident_cuda_event_per_call,4,0,0.037220480442,20260829
1024,2048,kernel_lab_custom,resident_cuda_event_per_call,4,1,0.0429030418396,20260829
1024,2048,kernel_lab_custom,resident_cuda_event_per_call,5,0,0.0429302406311,20260829
1024,2048,torch_softmax,resident_cuda_event_per_call,5,1,0.0379689598083,20260829
1024,2048,torch_softmax,resident_cuda_event_per_call,6,0,0.0376911997795,20260829
1024,2048,kernel_lab_custom,resident_cuda_event_per_call,6,1,0.0426255989075,20260829
1024,2048,kernel_lab_custom,resident_cuda_event_per_call,7,0,0.0425439977646,20260829
1024,2048,torch_softmax,resident_cuda_event_per_call,7,1,0.0379823994637,20260829
1024,2048,torch_softmax,resident_cuda_event_per_call,8,0,0.0377622389793,20260829
1024,2048,kernel_lab_custom,resident_cuda_event_per_call,8,1,0.0426076793671,20260829
1024,2048,kernel_lab_custom,resident_cuda_event_per_call,9,0,0.0425744009018,20260829
1024,2048,torch_softmax,resident_cuda_event_per_call,9,1,0.0380931210518,20260829
1024,2048,torch_softmax,resident_cuda_event_per_call,10,0,0.0378825592995,20260829
1024,2048,kernel_lab_custom,resident_cuda_event_per_call,10,1,0.0425238418579,20260829
1024,2048,kernel_lab_custom,resident_cuda_event_per_call,11,0,0.0423555183411,20260829
1024,2048,torch_softmax,resident_cuda_event_per_call,11,1,0.0379449605942,20260829
1024,2048,torch_softmax,resident_cuda_event_per_call,12,0,0.0378688001633,20260829
1024,2048,kernel_lab_custom,resident_cuda_event_per_call,12,1,0.0424988794327,20260829
1024,2048,kernel_lab_custom,resident_cuda_event_per_call,13,0,0.0424560022354,20260829
1024,2048,torch_softmax,resident_cuda_event_per_call,13,1,0.0381929588318,20260829
1024,2048,torch_softmax,resident_cuda_event_per_call,14,0,0.0380790400505,20260829
1024,2048,kernel_lab_custom,resident_cuda_event_per_call,14,1,0.0424569606781,20260829
1024,2048,kernel_lab_custom,resident_cuda_event_per_call,15,0,0.0423804807663,20260829
1024,2048,torch_softmax,resident_cuda_event_per_call,15,1,0.0382751989365,20260829
1024,2048,torch_softmax,resident_cuda_event_per_call,16,0,0.0381404805183,20260829
1024,2048,kernel_lab_custom,resident_cuda_event_per_call,16,1,0.042492480278,20260829
1024,2048,kernel_lab_custom,resident_cuda_event_per_call,17,0,0.0423392009735,20260829
1024,2048,torch_softmax,resident_cuda_event_per_call,17,1,0.0382281589508,20260829
1024,2048,torch_softmax,resident_cuda_event_per_call,18,0,0.0382169604301,20260829
1024,2048,kernel_lab_custom,resident_cuda_event_per_call,18,1,0.042392001152,20260829
1024,2048,kernel_lab_custom,resident_cuda_event_per_call,19,0,0.0423615980148,20260829
1024,2048,torch_softmax,resident_cuda_event_per_call,19,1,0.0382857608795,20260829
1024,2048,torch_softmax,resident_cuda_event_per_call,20,0,0.0381718397141,20260829
1024,2048,kernel_lab_custom,resident_cuda_event_per_call,20,1,0.0424419212341,20260829
1024,2048,torch_softmax,cpu_to_cuda_to_cpu_wall,0,0,5.34021481872,20260829
1024,2048,kernel_lab_custom,cpu_to_cuda_to_cpu_wall,0,1,1.70198827982,20260829
1024,2048,kernel_lab_custom,cpu_to_cuda_to_cpu_wall,1,0,1.74997188151,20260829
1024,2048,torch_softmax,cpu_to_cuda_to_cpu_wall,1,1,5.62661327422,20260829
1024,2048,torch_softmax,cpu_to_cuda_to_cpu_wall,2,0,1.64730846882,20260829
1024,2048,kernel_lab_custom,cpu_to_cuda_to_cpu_wall,2,1,1.62033364177,20260829
1024,2048,kernel_lab_custom,cpu_to_cuda_to_cpu_wall,3,0,1.75542011857,20260829
1024,2048,torch_softmax,cpu_to_cuda_to_cpu_wall,3,1,1.80751085281,20260829
1024,2048,torch_softmax,cpu_to_cuda_to_cpu_wall,4,0,1.56015716493,20260829
1024,2048,kernel_lab_custom,cpu_to_cuda_to_cpu_wall,4,1,1.74617394805,20260829
1024,2048,kernel_lab_custom,cpu_to_cuda_to_cpu_wall,5,0,1.57711096108,20260829
1024,2048,torch_softmax,cpu_to_cuda_to_cpu_wall,5,1,1.66066363454,20260829
1024,2048,torch_softmax,cpu_to_cuda_to_cpu_wall,6,0,1.56912021339,20260829
1024,2048,kernel_lab_custom,cpu_to_cuda_to_cpu_wall,6,1,1.68242491782,20260829
1024,2048,kernel_lab_custom,cpu_to_cuda_to_cpu_wall,7,0,1.52742117643,20260829
1024,2048,torch_softmax,cpu_to_cuda_to_cpu_wall,7,1,1.68111175299,20260829
1024,2048,torch_softmax,cpu_to_cuda_to_cpu_wall,8,0,1.56386755407,20260829
1024,2048,kernel_lab_custom,cpu_to_cuda_to_cpu_wall,8,1,1.7974153161,20260829
1024,2048,kernel_lab_custom,cpu_to_cuda_to_cpu_wall,9,0,1.64096802473,20260829
1024,2048,torch_softmax,cpu_to_cuda_to_cpu_wall,9,1,1.67222879827,20260829
1024,2048,torch_softmax,cpu_to_cuda_to_cpu_wall,10,0,1.60054117441,20260829
1024,2048,kernel_lab_custom,cpu_to_cuda_to_cpu_wall,10,1,1.68002210557,20260829
1024,2048,kernel_lab_custom,cpu_to_cuda_to_cpu_wall,11,0,1.58696807921,20260829
1024,2048,torch_softmax,cpu_to_cuda_to_cpu_wall,11,1,1.67017616332,20260829
1024,2048,torch_softmax,cpu_to_cuda_to_cpu_wall,12,0,1.5587285161,20260829
1024,2048,kernel_lab_custom,cpu_to_cuda_to_cpu_wall,12,1,1.69332884252,20260829
1024,2048,kernel_lab_custom,cpu_to_cuda_to_cpu_wall,13,0,1.54811516404,20260829
1024,2048,torch_softmax,cpu_to_cuda_to_cpu_wall,13,1,1.67346745729,20260829
1024,2048,torch_softmax,cpu_to_cuda_to_cpu_wall,14,0,1.60925276577,20260829
1024,2048,kernel_lab_custom,cpu_to_cuda_to_cpu_wall,14,1,1.66957080364,20260829
1024,2048,kernel_lab_custom,cpu_to_cuda_to_cpu_wall,15,0,1.65547057986,20260829
1024,2048,torch_softmax,cpu_to_cuda_to_cpu_wall,15,1,1.70286744833,20260829
1024,2048,torch_softmax,cpu_to_cuda_to_cpu_wall,16,0,1.57121568918,20260829
1024,2048,kernel_lab_custom,cpu_to_cuda_to_cpu_wall,16,1,1.6704890877,20260829
1024,2048,kernel_lab_custom,cpu_to_cuda_to_cpu_wall,17,0,1.5846285969,20260829
1024,2048,torch_softmax,cpu_to_cuda_to_cpu_wall,17,1,1.80974416435,20260829
1024,2048,torch_softmax,cpu_to_cuda_to_cpu_wall,18,0,1.6327239573,20260829
1024,2048,kernel_lab_custom,cpu_to_cuda_to_cpu_wall,18,1,1.67371891439,20260829
1024,2048,kernel_lab_custom,cpu_to_cuda_to_cpu_wall,19,0,1.6025044024,20260829
1024,2048,torch_softmax,cpu_to_cuda_to_cpu_wall,19,1,1.68534368277,20260829
1024,2048,torch_softmax,cpu_to_cuda_to_cpu_wall,20,0,1.55390799046,20260829
1024,2048,kernel_lab_custom,cpu_to_cuda_to_cpu_wall,20,1,1.69279612601,20260829
1024,4097,torch_softmax,resident_cuda_event_per_call,0,0,0.0720089578629,20260829
1024,4097,kernel_lab_custom,resident_cuda_event_per_call,0,1,0.153737602234,20260829
1024,4097,kernel_lab_custom,resident_cuda_event_per_call,1,0,0.153716163635,20260829
1024,4097,torch_softmax,resident_cuda_event_per_call,1,1,0.0724688005447,20260829
1024,4097,torch_softmax,resident_cuda_event_per_call,2,0,0.0723273611069,20260829
1024,4097,kernel_lab_custom,resident_cuda_event_per_call,2,1,0.155521602631,20260829
1024,4097,kernel_lab_custom,resident_cuda_event_per_call,3,0,0.155955200195,20260829
1024,4097,torch_softmax,resident_cuda_event_per_call,3,1,0.0731491184235,20260829
1024,4097,torch_softmax,resident_cuda_event_per_call,4,0,0.0727964782715,20260829
1024,4097,kernel_lab_custom,resident_cuda_event_per_call,4,1,0.155629119873,20260829
1024,4097,kernel_lab_custom,resident_cuda_event_per_call,5,0,0.155920000076,20260829
1024,4097,torch_softmax,resident_cuda_event_per_call,5,1,0.0731980800629,20260829
1024,4097,torch_softmax,resident_cuda_event_per_call,6,0,0.072698559761,20260829
1024,4097,kernel_lab_custom,resident_cuda_event_per_call,6,1,0.155354557037,20260829
1024,4097,kernel_lab_custom,resident_cuda_event_per_call,7,0,0.155568637848,20260829
1024,4097,torch_softmax,resident_cuda_event_per_call,7,1,0.0730236816406,20260829
1024,4097,torch_softmax,resident_cuda_event_per_call,8,0,0.0728326416016,20260829
1024,4097,kernel_lab_custom,resident_cuda_event_per_call,8,1,0.15564576149,20260829
1024,4097,kernel_lab_custom,resident_cuda_event_per_call,9,0,0.155355844498,20260829
1024,4097,torch_softmax,resident_cuda_event_per_call,9,1,0.073056640625,20260829
1024,4097,torch_softmax,resident_cuda_event_per_call,10,0,0.0727440023422,20260829
1024,4097,kernel_lab_custom,resident_cuda_event_per_call,10,1,0.155738563538,20260829
1024,4097,kernel_lab_custom,resident_cuda_event_per_call,11,0,0.155316476822,20260829
1024,4097,torch_softmax,resident_cuda_event_per_call,11,1,0.0730483198166,20260829
1024,4097,torch_softmax,resident_cuda_event_per_call,12,0,0.0727667188644,20260829
1024,4097,kernel_lab_custom,resident_cuda_event_per_call,12,1,0.155303039551,20260829
1024,4097,kernel_lab_custom,resident_cuda_event_per_call,13,0,0.155293121338,20260829
1024,4097,torch_softmax,resident_cuda_event_per_call,13,1,0.0729878377914,20260829
1024,4097,torch_softmax,resident_cuda_event_per_call,14,0,0.0728067207336,20260829
1024,4097,kernel_lab_custom,resident_cuda_event_per_call,14,1,0.155661764145,20260829
1024,4097,kernel_lab_custom,resident_cuda_event_per_call,15,0,0.155754241943,20260829
1024,4097,torch_softmax,resident_cuda_event_per_call,15,1,0.0731833600998,20260829
1024,4097,torch_softmax,resident_cuda_event_per_call,16,0,0.0728867197037,20260829
1024,4097,kernel_lab_custom,resident_cuda_event_per_call,16,1,0.155427522659,20260829
1024,4097,kernel_lab_custom,resident_cuda_event_per_call,17,0,0.155266561508,20260829
1024,4097,torch_softmax,resident_cuda_event_per_call,17,1,0.0730015993118,20260829
1024,4097,torch_softmax,resident_cuda_event_per_call,18,0,0.0727641582489,20260829
1024,4097,kernel_lab_custom,resident_cuda_event_per_call,18,1,0.155330877304,20260829
1024,4097,kernel_lab_custom,resident_cuda_event_per_call,19,0,0.155359039307,20260829
1024,4097,torch_softmax,resident_cuda_event_per_call,19,1,0.0729449605942,20260829
1024,4097,torch_softmax,resident_cuda_event_per_call,20,0,0.0727532815933,20260829
1024,4097,kernel_lab_custom,resident_cuda_event_per_call,20,1,0.156003837585,20260829
1024,4097,torch_softmax,cpu_to_cuda_to_cpu_wall,0,0,3.25441919267,20260829
1024,4097,kernel_lab_custom,cpu_to_cuda_to_cpu_wall,0,1,3.46427597106,20260829
1024,4097,kernel_lab_custom,cpu_to_cuda_to_cpu_wall,1,0,3.36099043489,20260829
1024,4097,torch_softmax,cpu_to_cuda_to_cpu_wall,1,1,3.29795852304,20260829
1024,4097,torch_softmax,cpu_to_cuda_to_cpu_wall,2,0,3.31919267774,20260829
1024,4097,kernel_lab_custom,cpu_to_cuda_to_cpu_wall,2,1,3.46012786031,20260829
1024,4097,kernel_lab_custom,cpu_to_cuda_to_cpu_wall,3,0,3.48576530814,20260829
1024,4097,torch_softmax,cpu_to_cuda_to_cpu_wall,3,1,3.29750031233,20260829
1024,4097,torch_softmax,cpu_to_cuda_to_cpu_wall,4,0,3.35937179625,20260829
1024,4097,kernel_lab_custom,cpu_to_cuda_to_cpu_wall,4,1,3.40032763779,20260829
1024,4097,kernel_lab_custom,cpu_to_cuda_to_cpu_wall,5,0,10.6882881373,20260829
1024,4097,torch_softmax,cpu_to_cuda_to_cpu_wall,5,1,3.40599752963,20260829
1024,4097,torch_softmax,cpu_to_cuda_to_cpu_wall,6,0,10.50545834,20260829
1024,4097,kernel_lab_custom,cpu_to_cuda_to_cpu_wall,6,1,3.55083495378,20260829
1024,4097,kernel_lab_custom,cpu_to_cuda_to_cpu_wall,7,0,3.31232696772,20260829
1024,4097,torch_softmax,cpu_to_cuda_to_cpu_wall,7,1,3.26177477837,20260829
1024,4097,torch_softmax,cpu_to_cuda_to_cpu_wall,8,0,3.22348065674,20260829
1024,4097,kernel_lab_custom,cpu_to_cuda_to_cpu_wall,8,1,3.32807563245,20260829
1024,4097,kernel_lab_custom,cpu_to_cuda_to_cpu_wall,9,0,10.3892013431,20260829
1024,4097,torch_softmax,cpu_to_cuda_to_cpu_wall,9,1,3.40150482953,20260829
1024,4097,torch_softmax,cpu_to_cuda_to_cpu_wall,10,0,10.6892902404,20260829
1024,4097,kernel_lab_custom,cpu_to_cuda_to_cpu_wall,10,1,3.36622074246,20260829
1024,4097,kernel_lab_custom,cpu_to_cuda_to_cpu_wall,11,0,3.42668965459,20260829
1024,4097,torch_softmax,cpu_to_cuda_to_cpu_wall,11,1,3.21616232395,20260829
1024,4097,torch_softmax,cpu_to_cuda_to_cpu_wall,12,0,3.23297642171,20260829
1024,4097,kernel_lab_custom,cpu_to_cuda_to_cpu_wall,12,1,3.34702245891,20260829
1024,4097,kernel_lab_custom,cpu_to_cuda_to_cpu_wall,13,0,10.4224402457,20260829
1024,4097,torch_softmax,cpu_to_cuda_to_cpu_wall,13,1,3.31520102918,20260829
1024,4097,torch_softmax,cpu_to_cuda_to_cpu_wall,14,0,10.5048511177,20260829
1024,4097,kernel_lab_custom,cpu_to_cuda_to_cpu_wall,14,1,3.42319905758,20260829
1024,4097,kernel_lab_custom,cpu_to_cuda_to_cpu_wall,15,0,3.33115831017,20260829
1024,4097,torch_softmax,cpu_to_cuda_to_cpu_wall,15,1,3.35586629808,20260829
1024,4097,torch_softmax,cpu_to_cuda_to_cpu_wall,16,0,3.23535315692,20260829
1024,4097,kernel_lab_custom,cpu_to_cuda_to_cpu_wall,16,1,3.31447273493,20260829
1024,4097,kernel_lab_custom,cpu_to_cuda_to_cpu_wall,17,0,10.4277506471,20260829
1024,4097,torch_softmax,cpu_to_cuda_to_cpu_wall,17,1,3.39432805777,20260829
1024,4097,torch_softmax,cpu_to_cuda_to_cpu_wall,18,0,10.4602761567,20260829
1024,4097,kernel_lab_custom,cpu_to_cuda_to_cpu_wall,18,1,3.4891422838,20260829
1024,4097,kernel_lab_custom,cpu_to_cuda_to_cpu_wall,19,0,3.45993600786,20260829
1024,4097,torch_softmax,cpu_to_cuda_to_cpu_wall,19,1,3.31678986549,20260829
1024,4097,torch_softmax,cpu_to_cuda_to_cpu_wall,20,0,3.07703949511,20260829
1024,4097,kernel_lab_custom,cpu_to_cuda_to_cpu_wall,20,1,3.16005758941,20260829
