rows,cols,implementation,dispatch,scope,sample,order_slot,launches,elapsed_ms,seed
1,128,cuda_naive,block_shared256,batched_event_per_launch,0,0,100,0.00309248000383,20260829
1,128,cuda_block_shuffle,block_shuffle256,batched_event_per_launch,0,1,100,0.00253120005131,20260829
1,128,cuda_warp_register,warp_reg4,batched_event_per_launch,0,2,100,0.00238207995892,20260829
1,128,cuda_naive,block_shared256,end_to_end_wall,0,0,1,0.025243,20260829
1,128,cuda_block_shuffle,block_shuffle256,end_to_end_wall,0,1,1,0.022143,20260829
1,128,cuda_warp_register,warp_reg4,end_to_end_wall,0,2,1,0.022016,20260829
1,128,cuda_block_shuffle,block_shuffle256,batched_event_per_launch,1,0,100,0.00255679994822,20260829
1,128,cuda_warp_register,warp_reg4,batched_event_per_launch,1,1,100,0.00238399997354,20260829
1,128,cuda_naive,block_shared256,batched_event_per_launch,1,2,100,0.0030544000864,20260829
1,128,cuda_block_shuffle,block_shuffle256,end_to_end_wall,1,0,1,0.023949,20260829
1,128,cuda_warp_register,warp_reg4,end_to_end_wall,1,1,1,0.024081,20260829
1,128,cuda_naive,block_shared256,end_to_end_wall,1,2,1,0.022667,20260829
1,128,cuda_warp_register,warp_reg4,batched_event_per_launch,2,0,100,0.00241567999125,20260829
1,128,cuda_naive,block_shared256,batched_event_per_launch,2,1,100,0.00305983990431,20260829
1,128,cuda_block_shuffle,block_shuffle256,batched_event_per_launch,2,2,100,0.00254783987999,20260829
1,128,cuda_warp_register,warp_reg4,end_to_end_wall,2,0,1,0.023194,20260829
1,128,cuda_naive,block_shared256,end_to_end_wall,2,1,1,0.022602,20260829
1,128,cuda_block_shuffle,block_shuffle256,end_to_end_wall,2,2,1,0.021589,20260829
1,128,cuda_naive,block_shared256,batched_event_per_launch,3,0,100,0.00308032006025,20260829
1,128,cuda_block_shuffle,block_shuffle256,batched_event_per_launch,3,1,100,0.00253856003284,20260829
1,128,cuda_warp_register,warp_reg4,batched_event_per_launch,3,2,100,0.00238240003586,20260829
1,128,cuda_naive,block_shared256,end_to_end_wall,3,0,1,0.023271,20260829
1,128,cuda_block_shuffle,block_shuffle256,end_to_end_wall,3,1,1,0.028439,20260829
1,128,cuda_warp_register,warp_reg4,end_to_end_wall,3,2,1,0.026197,20260829
1,128,cuda_block_shuffle,block_shuffle256,batched_event_per_launch,4,0,100,0.00256352007389,20260829
1,128,cuda_warp_register,warp_reg4,batched_event_per_launch,4,1,100,0.00237151995301,20260829
1,128,cuda_naive,block_shared256,batched_event_per_launch,4,2,100,0.00305664002895,20260829
1,128,cuda_block_shuffle,block_shuffle256,end_to_end_wall,4,0,1,0.02365,20260829
1,128,cuda_warp_register,warp_reg4,end_to_end_wall,4,1,1,0.021608,20260829
1,128,cuda_naive,block_shared256,end_to_end_wall,4,2,1,0.022208,20260829
1,128,cuda_warp_register,warp_reg4,batched_event_per_launch,5,0,100,0.00238879993558,20260829
1,128,cuda_naive,block_shared256,batched_event_per_launch,5,1,100,0.00305184006691,20260829
1,128,cuda_block_shuffle,block_shuffle256,batched_event_per_launch,5,2,100,0.0025407999754,20260829
1,128,cuda_warp_register,warp_reg4,end_to_end_wall,5,0,1,0.023428,20260829
1,128,cuda_naive,block_shared256,end_to_end_wall,5,1,1,0.022038,20260829
1,128,cuda_block_shuffle,block_shuffle256,end_to_end_wall,5,2,1,0.025807,20260829
1,128,cuda_naive,block_shared256,batched_event_per_launch,6,0,100,0.00307839989662,20260829
1,128,cuda_block_shuffle,block_shuffle256,batched_event_per_launch,6,1,100,0.00254783987999,20260829
1,128,cuda_warp_register,warp_reg4,batched_event_per_launch,6,2,100,0.00238463997841,20260829
1,128,cuda_naive,block_shared256,end_to_end_wall,6,0,1,0.024608,20260829
1,128,cuda_block_shuffle,block_shuffle256,end_to_end_wall,6,1,1,0.021699,20260829
1,128,cuda_warp_register,warp_reg4,end_to_end_wall,6,2,1,0.021722,20260829
1,128,cuda_block_shuffle,block_shuffle256,batched_event_per_launch,7,0,100,0.00257279992104,20260829
1,128,cuda_warp_register,warp_reg4,batched_event_per_launch,7,1,100,0.00237760007381,20260829
1,128,cuda_naive,block_shared256,batched_event_per_launch,7,2,100,0.00305759996176,20260829
1,128,cuda_block_shuffle,block_shuffle256,end_to_end_wall,7,0,1,0.026824,20260829
1,128,cuda_warp_register,warp_reg4,end_to_end_wall,7,1,1,0.023884,20260829
1,128,cuda_naive,block_shared256,end_to_end_wall,7,2,1,0.021968,20260829
1,128,cuda_warp_register,warp_reg4,batched_event_per_launch,8,0,100,0.00239711999893,20260829
1,128,cuda_naive,block_shared256,batched_event_per_launch,8,1,100,0.00305664002895,20260829
1,128,cuda_block_shuffle,block_shuffle256,batched_event_per_launch,8,2,100,0.00254943996668,20260829
1,128,cuda_warp_register,warp_reg4,end_to_end_wall,8,0,1,0.022553,20260829
1,128,cuda_naive,block_shared256,end_to_end_wall,8,1,1,0.022074,20260829
1,128,cuda_block_shuffle,block_shuffle256,end_to_end_wall,8,2,1,0.020916,20260829
1,128,cuda_naive,block_shared256,batched_event_per_launch,9,0,100,0.00307520002127,20260829
1,128,cuda_block_shuffle,block_shuffle256,batched_event_per_launch,9,1,100,0.00254559993744,20260829
1,128,cuda_warp_register,warp_reg4,batched_event_per_launch,9,2,100,0.00238207995892,20260829
1,128,cuda_naive,block_shared256,end_to_end_wall,9,0,1,0.024241,20260829
1,128,cuda_block_shuffle,block_shuffle256,end_to_end_wall,9,1,1,0.022134,20260829
1,128,cuda_warp_register,warp_reg4,end_to_end_wall,9,2,1,0.021613,20260829
1,128,cuda_block_shuffle,block_shuffle256,batched_event_per_launch,10,0,100,0.00255456000566,20260829
1,128,cuda_warp_register,warp_reg4,batched_event_per_launch,10,1,100,0.00237087994814,20260829
1,128,cuda_naive,block_shared256,batched_event_per_launch,10,2,100,0.00305727988482,20260829
1,128,cuda_block_shuffle,block_shuffle256,end_to_end_wall,10,0,1,0.024059,20260829
1,128,cuda_warp_register,warp_reg4,end_to_end_wall,10,1,1,0.021026,20260829
1,128,cuda_naive,block_shared256,end_to_end_wall,10,2,1,0.021573,20260829
1,128,cuda_warp_register,warp_reg4,batched_event_per_launch,11,0,100,0.0024038399756,20260829
1,128,cuda_naive,block_shared256,batched_event_per_launch,11,1,100,0.00306015998125,20260829
1,128,cuda_block_shuffle,block_shuffle256,batched_event_per_launch,11,2,100,0.00254016011953,20260829
1,128,cuda_warp_register,warp_reg4,end_to_end_wall,11,0,1,0.022639,20260829
1,128,cuda_naive,block_shared256,end_to_end_wall,11,1,1,0.021504,20260829
1,128,cuda_block_shuffle,block_shuffle256,end_to_end_wall,11,2,1,0.021768,20260829
1,128,cuda_naive,block_shared256,batched_event_per_launch,12,0,100,0.00307615995407,20260829
1,128,cuda_block_shuffle,block_shuffle256,batched_event_per_launch,12,1,100,0.00254911988974,20260829
1,128,cuda_warp_register,warp_reg4,batched_event_per_launch,12,2,100,0.00242111995816,20260829
1,128,cuda_naive,block_shared256,end_to_end_wall,12,0,1,0.025516,20260829
1,128,cuda_block_shuffle,block_shuffle256,end_to_end_wall,12,1,1,0.021652,20260829
1,128,cuda_warp_register,warp_reg4,end_to_end_wall,12,2,1,0.022033,20260829
1,128,cuda_block_shuffle,block_shuffle256,batched_event_per_launch,13,0,100,0.00255327999592,20260829
1,128,cuda_warp_register,warp_reg4,batched_event_per_launch,13,1,100,0.00236128002405,20260829
1,128,cuda_naive,block_shared256,batched_event_per_launch,13,2,100,0.00306080013514,20260829
1,128,cuda_block_shuffle,block_shuffle256,end_to_end_wall,13,0,1,0.023125,20260829
1,128,cuda_warp_register,warp_reg4,end_to_end_wall,13,1,1,0.021743,20260829
1,128,cuda_naive,block_shared256,end_to_end_wall,13,2,1,0.031758,20260829
1,128,cuda_warp_register,warp_reg4,batched_event_per_launch,14,0,100,0.00238143995404,20260829
1,128,cuda_naive,block_shared256,batched_event_per_launch,14,1,100,0.00305536001921,20260829
1,128,cuda_block_shuffle,block_shuffle256,batched_event_per_launch,14,2,100,0.00254400014877,20260829
1,128,cuda_warp_register,warp_reg4,end_to_end_wall,14,0,1,0.024703,20260829
1,128,cuda_naive,block_shared256,end_to_end_wall,14,1,1,0.023113,20260829
1,128,cuda_block_shuffle,block_shuffle256,end_to_end_wall,14,2,1,0.021315,20260829
1,128,cuda_naive,block_shared256,batched_event_per_launch,15,0,100,0.00307743996382,20260829
1,128,cuda_block_shuffle,block_shuffle256,batched_event_per_launch,15,1,100,0.00252799987793,20260829
1,128,cuda_warp_register,warp_reg4,batched_event_per_launch,15,2,100,0.00236064001918,20260829
1,128,cuda_naive,block_shared256,end_to_end_wall,15,0,1,0.024103,20260829
1,128,cuda_block_shuffle,block_shuffle256,end_to_end_wall,15,1,1,0.030324,20260829
1,128,cuda_warp_register,warp_reg4,end_to_end_wall,15,2,1,0.028092,20260829
1,128,cuda_block_shuffle,block_shuffle256,batched_event_per_launch,16,0,100,0.00255775988102,20260829
1,128,cuda_warp_register,warp_reg4,batched_event_per_launch,16,1,100,0.002376639992,20260829
1,128,cuda_naive,block_shared256,batched_event_per_launch,16,2,100,0.00305568009615,20260829
1,128,cuda_block_shuffle,block_shuffle256,end_to_end_wall,16,0,1,0.02346,20260829
1,128,cuda_warp_register,warp_reg4,end_to_end_wall,16,1,1,0.02197,20260829
1,128,cuda_naive,block_shared256,end_to_end_wall,16,2,1,0.02262,20260829
1,128,cuda_warp_register,warp_reg4,batched_event_per_launch,17,0,100,0.00240319997072,20260829
1,128,cuda_naive,block_shared256,batched_event_per_launch,17,1,100,0.00306560009718,20260829
1,128,cuda_block_shuffle,block_shuffle256,batched_event_per_launch,17,2,100,0.00254464000463,20260829
1,128,cuda_warp_register,warp_reg4,end_to_end_wall,17,0,1,0.024471,20260829
1,128,cuda_naive,block_shared256,end_to_end_wall,17,1,1,0.024468,20260829
1,128,cuda_block_shuffle,block_shuffle256,end_to_end_wall,17,2,1,0.021841,20260829
1,128,cuda_naive,block_shared256,batched_event_per_launch,18,0,100,0.0030825600028,20260829
1,128,cuda_block_shuffle,block_shuffle256,batched_event_per_launch,18,1,100,0.00254272013903,20260829
1,128,cuda_warp_register,warp_reg4,batched_event_per_launch,18,2,100,0.00237823992968,20260829
1,128,cuda_naive,block_shared256,end_to_end_wall,18,0,1,0.025133,20260829
1,128,cuda_block_shuffle,block_shuffle256,end_to_end_wall,18,1,1,0.021784,20260829
1,128,cuda_warp_register,warp_reg4,end_to_end_wall,18,2,1,0.021911,20260829
1,128,cuda_block_shuffle,block_shuffle256,batched_event_per_launch,19,0,100,0.00254624009132,20260829
1,128,cuda_warp_register,warp_reg4,batched_event_per_launch,19,1,100,0.00237407997251,20260829
1,128,cuda_naive,block_shared256,batched_event_per_launch,19,2,100,0.00306688010693,20260829
1,128,cuda_block_shuffle,block_shuffle256,end_to_end_wall,19,0,1,0.024176,20260829
1,128,cuda_warp_register,warp_reg4,end_to_end_wall,19,1,1,0.022198,20260829
1,128,cuda_naive,block_shared256,end_to_end_wall,19,2,1,0.022238,20260829
1,128,cuda_warp_register,warp_reg4,batched_event_per_launch,20,0,100,0.00240191996098,20260829
1,128,cuda_naive,block_shared256,batched_event_per_launch,20,1,100,0.00305536001921,20260829
1,128,cuda_block_shuffle,block_shuffle256,batched_event_per_launch,20,2,100,0.00261536002159,20260829
1,128,cuda_warp_register,warp_reg4,end_to_end_wall,20,0,1,0.031967,20260829
1,128,cuda_naive,block_shared256,end_to_end_wall,20,1,1,0.022989,20260829
1,128,cuda_block_shuffle,block_shuffle256,end_to_end_wall,20,2,1,0.021628,20260829
7,37,cuda_naive,block_shared256,batched_event_per_launch,0,0,100,0.00310752004385,20260829
7,37,cuda_block_shuffle,block_shuffle256,batched_event_per_launch,0,1,100,0.00257728010416,20260829
7,37,cuda_warp_register,warp_reg4,batched_event_per_launch,0,2,100,0.00231071993709,20260829
7,37,cuda_naive,block_shared256,end_to_end_wall,0,0,1,0.0265,20260829
7,37,cuda_block_shuffle,block_shuffle256,end_to_end_wall,0,1,1,0.02403,20260829
7,37,cuda_warp_register,warp_reg4,end_to_end_wall,0,2,1,0.023728,20260829
7,37,cuda_block_shuffle,block_shuffle256,batched_event_per_launch,1,0,100,0.00259487986565,20260829
7,37,cuda_warp_register,warp_reg4,batched_event_per_launch,1,1,100,0.00227807998657,20260829
7,37,cuda_naive,block_shared256,batched_event_per_launch,1,2,100,0.00309792011976,20260829
7,37,cuda_block_shuffle,block_shuffle256,end_to_end_wall,1,0,1,0.025955,20260829
7,37,cuda_warp_register,warp_reg4,end_to_end_wall,1,1,1,0.022936,20260829
7,37,cuda_naive,block_shared256,end_to_end_wall,1,2,1,0.025149,20260829
7,37,cuda_warp_register,warp_reg4,batched_event_per_launch,2,0,100,0.00229727998376,20260829
7,37,cuda_naive,block_shared256,batched_event_per_launch,2,1,100,0.00308703988791,20260829
7,37,cuda_block_shuffle,block_shuffle256,batched_event_per_launch,2,2,100,0.00257696002722,20260829
7,37,cuda_warp_register,warp_reg4,end_to_end_wall,2,0,1,0.024984,20260829
7,37,cuda_naive,block_shared256,end_to_end_wall,2,1,1,0.024192,20260829
7,37,cuda_block_shuffle,block_shuffle256,end_to_end_wall,2,2,1,0.023572,20260829
7,37,cuda_naive,block_shared256,batched_event_per_launch,3,0,100,0.00310240000486,20260829
7,37,cuda_block_shuffle,block_shuffle256,batched_event_per_launch,3,1,100,0.00257248014212,20260829
7,37,cuda_warp_register,warp_reg4,batched_event_per_launch,3,2,100,0.00228223994374,20260829
7,37,cuda_naive,block_shared256,end_to_end_wall,3,0,1,0.024369,20260829
7,37,cuda_block_shuffle,block_shuffle256,end_to_end_wall,3,1,1,0.024032,20260829
7,37,cuda_warp_register,warp_reg4,end_to_end_wall,3,2,1,0.023375,20260829
7,37,cuda_block_shuffle,block_shuffle256,batched_event_per_launch,4,0,100,0.00263680011034,20260829
7,37,cuda_warp_register,warp_reg4,batched_event_per_launch,4,1,100,0.00228415995836,20260829
7,37,cuda_naive,block_shared256,batched_event_per_launch,4,2,100,0.00308768004179,20260829
7,37,cuda_block_shuffle,block_shuffle256,end_to_end_wall,4,0,1,0.037191,20260829
7,37,cuda_warp_register,warp_reg4,end_to_end_wall,4,1,1,0.022874,20260829
7,37,cuda_naive,block_shared256,end_to_end_wall,4,2,1,0.025163,20260829
7,37,cuda_warp_register,warp_reg4,batched_event_per_launch,5,0,100,0.00229215994477,20260829
7,37,cuda_naive,block_shared256,batched_event_per_launch,5,1,100,0.00309152007103,20260829
7,37,cuda_block_shuffle,block_shuffle256,batched_event_per_launch,5,2,100,0.00258047997952,20260829
7,37,cuda_warp_register,warp_reg4,end_to_end_wall,5,0,1,0.024359,20260829
7,37,cuda_naive,block_shared256,end_to_end_wall,5,1,1,0.024569,20260829
7,37,cuda_block_shuffle,block_shuffle256,end_to_end_wall,5,2,1,0.023441,20260829
7,37,cuda_naive,block_shared256,batched_event_per_launch,6,0,100,0.00309983998537,20260829
7,37,cuda_block_shuffle,block_shuffle256,batched_event_per_launch,6,1,100,0.00258751988411,20260829
7,37,cuda_warp_register,warp_reg4,batched_event_per_launch,6,2,100,0.00228415995836,20260829
7,37,cuda_naive,block_shared256,end_to_end_wall,6,0,1,0.025943,20260829
7,37,cuda_block_shuffle,block_shuffle256,end_to_end_wall,6,1,1,0.023771,20260829
7,37,cuda_warp_register,warp_reg4,end_to_end_wall,6,2,1,0.023453,20260829
7,37,cuda_block_shuffle,block_shuffle256,batched_event_per_launch,7,0,100,0.0025900799036,20260829
7,37,cuda_warp_register,warp_reg4,batched_event_per_launch,7,1,100,0.00228960007429,20260829
7,37,cuda_naive,block_shared256,batched_event_per_launch,7,2,100,0.00309024006128,20260829
7,37,cuda_block_shuffle,block_shuffle256,end_to_end_wall,7,0,1,0.024519,20260829
7,37,cuda_warp_register,warp_reg4,end_to_end_wall,7,1,1,0.023669,20260829
7,37,cuda_naive,block_shared256,end_to_end_wall,7,2,1,0.024274,20260829
7,37,cuda_warp_register,warp_reg4,batched_event_per_launch,8,0,100,0.00230911999941,20260829
7,37,cuda_naive,block_shared256,batched_event_per_launch,8,1,100,0.0030895999074,20260829
7,37,cuda_block_shuffle,block_shuffle256,batched_event_per_launch,8,2,100,0.00257952004671,20260829
7,37,cuda_warp_register,warp_reg4,end_to_end_wall,8,0,1,0.025789,20260829
7,37,cuda_naive,block_shared256,end_to_end_wall,8,1,1,0.024398,20260829
7,37,cuda_block_shuffle,block_shuffle256,end_to_end_wall,8,2,1,0.024637,20260829
7,37,cuda_naive,block_shared256,batched_event_per_launch,9,0,100,0.00311040014029,20260829
7,37,cuda_block_shuffle,block_shuffle256,batched_event_per_launch,9,1,100,0.00257568001747,20260829
7,37,cuda_warp_register,warp_reg4,batched_event_per_launch,9,2,100,0.002280959934,20260829
7,37,cuda_naive,block_shared256,end_to_end_wall,9,0,1,0.026083,20260829
7,37,cuda_block_shuffle,block_shuffle256,end_to_end_wall,9,1,1,0.023808,20260829
7,37,cuda_warp_register,warp_reg4,end_to_end_wall,9,2,1,0.024464,20260829
7,37,cuda_block_shuffle,block_shuffle256,batched_event_per_launch,10,0,100,0.0025891199708,20260829
7,37,cuda_warp_register,warp_reg4,batched_event_per_launch,10,1,100,0.00228512004018,20260829
7,37,cuda_naive,block_shared256,batched_event_per_launch,10,2,100,0.00308768004179,20260829
7,37,cuda_block_shuffle,block_shuffle256,end_to_end_wall,10,0,1,0.025841,20260829
7,37,cuda_warp_register,warp_reg4,end_to_end_wall,10,1,1,0.025195,20260829
7,37,cuda_naive,block_shared256,end_to_end_wall,10,2,1,0.024734,20260829
7,37,cuda_warp_register,warp_reg4,batched_event_per_launch,11,0,100,0.00229440003633,20260829
7,37,cuda_naive,block_shared256,batched_event_per_launch,11,1,100,0.00308479994535,20260829
7,37,cuda_block_shuffle,block_shuffle256,batched_event_per_launch,11,2,100,0.00257440000772,20260829
7,37,cuda_warp_register,warp_reg4,end_to_end_wall,11,0,1,0.02414,20260829
7,37,cuda_naive,block_shared256,end_to_end_wall,11,1,1,0.024265,20260829
7,37,cuda_block_shuffle,block_shuffle256,end_to_end_wall,11,2,1,0.024478,20260829
7,37,cuda_naive,block_shared256,batched_event_per_launch,12,0,100,0.00310463994741,20260829
7,37,cuda_block_shuffle,block_shuffle256,batched_event_per_launch,12,1,100,0.00257535994053,20260829
7,37,cuda_warp_register,warp_reg4,batched_event_per_launch,12,2,100,0.00227935999632,20260829
7,37,cuda_naive,block_shared256,end_to_end_wall,12,0,1,0.026882,20260829
7,37,cuda_block_shuffle,block_shuffle256,end_to_end_wall,12,1,1,0.023669,20260829
7,37,cuda_warp_register,warp_reg4,end_to_end_wall,12,2,1,0.023562,20260829
7,37,cuda_block_shuffle,block_shuffle256,batched_event_per_launch,13,0,100,0.00259391993284,20260829
7,37,cuda_warp_register,warp_reg4,batched_event_per_launch,13,1,100,0.00228671997786,20260829
7,37,cuda_naive,block_shared256,batched_event_per_launch,13,2,100,0.00308160007,20260829
7,37,cuda_block_shuffle,block_shuffle256,end_to_end_wall,13,0,1,0.025047,20260829
7,37,cuda_warp_register,warp_reg4,end_to_end_wall,13,1,1,0.030232,20260829
7,37,cuda_naive,block_shared256,end_to_end_wall,13,2,1,0.025546,20260829
7,37,cuda_warp_register,warp_reg4,batched_event_per_launch,14,0,100,0.00229727998376,20260829
7,37,cuda_naive,block_shared256,batched_event_per_launch,14,1,100,0.00308384001255,20260829
7,37,cuda_block_shuffle,block_shuffle256,batched_event_per_launch,14,2,100,0.00257728010416,20260829
7,37,cuda_warp_register,warp_reg4,end_to_end_wall,14,0,1,0.02461,20260829
7,37,cuda_naive,block_shared256,end_to_end_wall,14,1,1,0.023783,20260829
7,37,cuda_block_shuffle,block_shuffle256,end_to_end_wall,14,2,1,0.023547,20260829
7,37,cuda_naive,block_shared256,batched_event_per_launch,15,0,100,0.0031107199192,20260829
7,37,cuda_block_shuffle,block_shuffle256,batched_event_per_launch,15,1,100,0.00257568001747,20260829
7,37,cuda_warp_register,warp_reg4,batched_event_per_launch,15,2,100,0.00228384003043,20260829
7,37,cuda_naive,block_shared256,end_to_end_wall,15,0,1,0.025796,20260829
7,37,cuda_block_shuffle,block_shuffle256,end_to_end_wall,15,1,1,0.031407,20260829
7,37,cuda_warp_register,warp_reg4,end_to_end_wall,15,2,1,0.024173,20260829
7,37,cuda_block_shuffle,block_shuffle256,batched_event_per_launch,16,0,100,0.00259232014418,20260829
7,37,cuda_warp_register,warp_reg4,batched_event_per_launch,16,1,100,0.00228192001581,20260829
7,37,cuda_naive,block_shared256,batched_event_per_launch,16,2,100,0.00309664011002,20260829
7,37,cuda_block_shuffle,block_shuffle256,end_to_end_wall,16,0,1,0.024194,20260829
7,37,cuda_warp_register,warp_reg4,end_to_end_wall,16,1,1,0.022796,20260829
7,37,cuda_naive,block_shared256,end_to_end_wall,16,2,1,0.02457,20260829
7,37,cuda_warp_register,warp_reg4,batched_event_per_launch,17,0,100,0.00229312002659,20260829
7,37,cuda_naive,block_shared256,batched_event_per_launch,17,1,100,0.0030860799551,20260829
7,37,cuda_block_shuffle,block_shuffle256,batched_event_per_launch,17,2,100,0.00256671994925,20260829
7,37,cuda_warp_register,warp_reg4,end_to_end_wall,17,0,1,0.025169,20260829
7,37,cuda_naive,block_shared256,end_to_end_wall,17,1,1,0.023762,20260829
7,37,cuda_block_shuffle,block_shuffle256,end_to_end_wall,17,2,1,0.02369,20260829
7,37,cuda_naive,block_shared256,batched_event_per_launch,18,0,100,0.0031052801013,20260829
7,37,cuda_block_shuffle,block_shuffle256,batched_event_per_launch,18,1,100,0.00259615987539,20260829
7,37,cuda_warp_register,warp_reg4,batched_event_per_launch,18,2,100,0.00228832006454,20260829
7,37,cuda_naive,block_shared256,end_to_end_wall,18,0,1,0.02612,20260829
7,37,cuda_block_shuffle,block_shuffle256,end_to_end_wall,18,1,1,0.023128,20260829
7,37,cuda_warp_register,warp_reg4,end_to_end_wall,18,2,1,0.02489,20260829
7,37,cuda_block_shuffle,block_shuffle256,batched_event_per_launch,19,0,100,0.00259135991335,20260829
7,37,cuda_warp_register,warp_reg4,batched_event_per_launch,19,1,100,0.00231872007251,20260829
7,37,cuda_naive,block_shared256,batched_event_per_launch,19,2,100,0.00308928012848,20260829
7,37,cuda_block_shuffle,block_shuffle256,end_to_end_wall,19,0,1,0.024646,20260829
7,37,cuda_warp_register,warp_reg4,end_to_end_wall,19,1,1,0.023439,20260829
7,37,cuda_naive,block_shared256,end_to_end_wall,19,2,1,0.024044,20260829
7,37,cuda_warp_register,warp_reg4,batched_event_per_launch,20,0,100,0.00229663997889,20260829
7,37,cuda_naive,block_shared256,batched_event_per_launch,20,1,100,0.00308544009924,20260829
7,37,cuda_block_shuffle,block_shuffle256,batched_event_per_launch,20,2,100,0.00262975990772,20260829
7,37,cuda_warp_register,warp_reg4,end_to_end_wall,20,0,1,0.024367,20260829
7,37,cuda_naive,block_shared256,end_to_end_wall,20,1,1,0.023665,20260829
7,37,cuda_block_shuffle,block_shuffle256,end_to_end_wall,20,2,1,0.024118,20260829
1024,128,cuda_naive,block_shared256,batched_event_per_launch,0,0,100,0.0108896005154,20260829
1024,128,cuda_block_shuffle,block_shuffle256,batched_event_per_launch,0,1,100,0.00590687990189,20260829
1024,128,cuda_warp_register,warp_reg4,batched_event_per_launch,0,2,100,0.00288480013609,20260829
1024,128,cuda_naive,block_shared256,end_to_end_wall,0,0,1,0.356524,20260829
1024,128,cuda_block_shuffle,block_shuffle256,end_to_end_wall,0,1,1,0.348295,20260829
1024,128,cuda_warp_register,warp_reg4,end_to_end_wall,0,2,1,0.363624,20260829
1024,128,cuda_block_shuffle,block_shuffle256,batched_event_per_launch,1,0,100,0.00592671990395,20260829
1024,128,cuda_warp_register,warp_reg4,batched_event_per_launch,1,1,100,0.00287903994322,20260829
1024,128,cuda_naive,block_shared256,batched_event_per_launch,1,2,100,0.010860799551,20260829
1024,128,cuda_block_shuffle,block_shuffle256,end_to_end_wall,1,0,1,0.358367,20260829
1024,128,cuda_warp_register,warp_reg4,end_to_end_wall,1,1,1,0.357663,20260829
1024,128,cuda_naive,block_shared256,end_to_end_wall,1,2,1,0.343606,20260829
1024,128,cuda_warp_register,warp_reg4,batched_event_per_launch,2,0,100,0.00291711986065,20260829
1024,128,cuda_naive,block_shared256,batched_event_per_launch,2,1,100,0.0108755195141,20260829
1024,128,cuda_block_shuffle,block_shuffle256,batched_event_per_launch,2,2,100,0.00590784013271,20260829
1024,128,cuda_warp_register,warp_reg4,end_to_end_wall,2,0,1,0.337891,20260829
1024,128,cuda_naive,block_shared256,end_to_end_wall,2,1,1,0.362376,20260829
1024,128,cuda_block_shuffle,block_shuffle256,end_to_end_wall,2,2,1,0.342934,20260829
1024,128,cuda_naive,block_shared256,batched_event_per_launch,3,0,100,0.0108879995346,20260829
1024,128,cuda_block_shuffle,block_shuffle256,batched_event_per_launch,3,1,100,0.00589983999729,20260829
1024,128,cuda_warp_register,warp_reg4,batched_event_per_launch,3,2,100,0.00288352012634,20260829
1024,128,cuda_naive,block_shared256,end_to_end_wall,3,0,1,0.340394,20260829
1024,128,cuda_block_shuffle,block_shuffle256,end_to_end_wall,3,1,1,0.35361,20260829
1024,128,cuda_warp_register,warp_reg4,end_to_end_wall,3,2,1,0.339878,20260829
1024,128,cuda_block_shuffle,block_shuffle256,batched_event_per_launch,4,0,100,0.00593407988548,20260829
1024,128,cuda_warp_register,warp_reg4,batched_event_per_launch,4,1,100,0.00288192003965,20260829
1024,128,cuda_naive,block_shared256,batched_event_per_launch,4,2,100,0.0108624005318,20260829
1024,128,cuda_block_shuffle,block_shuffle256,end_to_end_wall,4,0,1,0.344194,20260829
1024,128,cuda_warp_register,warp_reg4,end_to_end_wall,4,1,1,0.340667,20260829
1024,128,cuda_naive,block_shared256,end_to_end_wall,4,2,1,0.345748,20260829
1024,128,cuda_warp_register,warp_reg4,batched_event_per_launch,5,0,100,0.00290143996477,20260829
1024,128,cuda_naive,block_shared256,batched_event_per_launch,5,1,100,0.010876480341,20260829
1024,128,cuda_block_shuffle,block_shuffle256,batched_event_per_launch,5,2,100,0.00607583999634,20260829
1024,128,cuda_warp_register,warp_reg4,end_to_end_wall,5,0,1,0.408274,20260829
1024,128,cuda_naive,block_shared256,end_to_end_wall,5,1,1,0.400498,20260829
1024,128,cuda_block_shuffle,block_shuffle256,end_to_end_wall,5,2,1,0.354748,20260829
1024,128,cuda_naive,block_shared256,batched_event_per_launch,6,0,100,0.010911359787,20260829
1024,128,cuda_block_shuffle,block_shuffle256,batched_event_per_launch,6,1,100,0.00590463995934,20260829
1024,128,cuda_warp_register,warp_reg4,batched_event_per_launch,6,2,100,0.0028841599822,20260829
1024,128,cuda_naive,block_shared256,end_to_end_wall,6,0,1,0.355038,20260829
1024,128,cuda_block_shuffle,block_shuffle256,end_to_end_wall,6,1,1,0.364833,20260829
1024,128,cuda_warp_register,warp_reg4,end_to_end_wall,6,2,1,0.344226,20260829
1024,128,cuda_block_shuffle,block_shuffle256,batched_event_per_launch,7,0,100,0.0059219199419,20260829
1024,128,cuda_warp_register,warp_reg4,batched_event_per_launch,7,1,100,0.00288608014584,20260829
1024,128,cuda_naive,block_shared256,batched_event_per_launch,7,2,100,0.0108825600147,20260829
1024,128,cuda_block_shuffle,block_shuffle256,end_to_end_wall,7,0,1,0.352795,20260829
1024,128,cuda_warp_register,warp_reg4,end_to_end_wall,7,1,1,0.349635,20260829
1024,128,cuda_naive,block_shared256,end_to_end_wall,7,2,1,0.347743,20260829
1024,128,cuda_warp_register,warp_reg4,batched_event_per_launch,8,0,100,0.00291552007198,20260829
1024,128,cuda_naive,block_shared256,batched_event_per_launch,8,1,100,0.0108617603779,20260829
1024,128,cuda_block_shuffle,block_shuffle256,batched_event_per_launch,8,2,100,0.0059084802866,20260829
1024,128,cuda_warp_register,warp_reg4,end_to_end_wall,8,0,1,0.355274,20260829
1024,128,cuda_naive,block_shared256,end_to_end_wall,8,1,1,0.356692,20260829
1024,128,cuda_block_shuffle,block_shuffle256,end_to_end_wall,8,2,1,0.340343,20260829
1024,128,cuda_naive,block_shared256,batched_event_per_launch,9,0,100,0.0109008002281,20260829
1024,128,cuda_block_shuffle,block_shuffle256,batched_event_per_launch,9,1,100,0.00590048015118,20260829
1024,128,cuda_warp_register,warp_reg4,batched_event_per_launch,9,2,100,0.00288800001144,20260829
1024,128,cuda_naive,block_shared256,end_to_end_wall,9,0,1,0.34966,20260829
1024,128,cuda_block_shuffle,block_shuffle256,end_to_end_wall,9,1,1,0.349497,20260829
1024,128,cuda_warp_register,warp_reg4,end_to_end_wall,9,2,1,0.335503,20260829
1024,128,cuda_block_shuffle,block_shuffle256,batched_event_per_launch,10,0,100,0.00593056023121,20260829
1024,128,cuda_warp_register,warp_reg4,batched_event_per_launch,10,1,100,0.0028911998868,20260829
1024,128,cuda_naive,block_shared256,batched_event_per_launch,10,2,100,0.0108678400517,20260829
1024,128,cuda_block_shuffle,block_shuffle256,end_to_end_wall,10,0,1,0.340227,20260829
1024,128,cuda_warp_register,warp_reg4,end_to_end_wall,10,1,1,0.351797,20260829
1024,128,cuda_naive,block_shared256,end_to_end_wall,10,2,1,0.343091,20260829
1024,128,cuda_warp_register,warp_reg4,batched_event_per_launch,11,0,100,0.00289472013712,20260829
1024,128,cuda_naive,block_shared256,batched_event_per_launch,11,1,100,0.010876480341,20260829
1024,128,cuda_block_shuffle,block_shuffle256,batched_event_per_launch,11,2,100,0.00589760005474,20260829
1024,128,cuda_warp_register,warp_reg4,end_to_end_wall,11,0,1,0.349959,20260829
1024,128,cuda_naive,block_shared256,end_to_end_wall,11,1,1,0.354774,20260829
1024,128,cuda_block_shuffle,block_shuffle256,end_to_end_wall,11,2,1,0.340606,20260829
1024,128,cuda_naive,block_shared256,batched_event_per_launch,12,0,100,0.010906560421,20260829
1024,128,cuda_block_shuffle,block_shuffle256,batched_event_per_launch,12,1,100,0.00591264009476,20260829
1024,128,cuda_warp_register,warp_reg4,batched_event_per_launch,12,2,100,0.00288480013609,20260829
1024,128,cuda_naive,block_shared256,end_to_end_wall,12,0,1,0.365469,20260829
1024,128,cuda_block_shuffle,block_shuffle256,end_to_end_wall,12,1,1,0.343671,20260829
1024,128,cuda_warp_register,warp_reg4,end_to_end_wall,12,2,1,0.380929,20260829
1024,128,cuda_block_shuffle,block_shuffle256,batched_event_per_launch,13,0,100,0.00592992007732,20260829
1024,128,cuda_warp_register,warp_reg4,batched_event_per_launch,13,1,100,0.0028832000494,20260829
1024,128,cuda_naive,block_shared256,batched_event_per_launch,13,2,100,0.0108886396885,20260829
1024,128,cuda_block_shuffle,block_shuffle256,end_to_end_wall,13,0,1,0.345266,20260829
1024,128,cuda_warp_register,warp_reg4,end_to_end_wall,13,1,1,0.338295,20260829
1024,128,cuda_naive,block_shared256,end_to_end_wall,13,2,1,0.350255,20260829
1024,128,cuda_warp_register,warp_reg4,batched_event_per_launch,14,0,100,0.0029059201479,20260829
1024,128,cuda_naive,block_shared256,batched_event_per_launch,14,1,100,0.0108896005154,20260829
1024,128,cuda_block_shuffle,block_shuffle256,batched_event_per_launch,14,2,100,0.005906239748,20260829
1024,128,cuda_warp_register,warp_reg4,end_to_end_wall,14,0,1,0.352229,20260829
1024,128,cuda_naive,block_shared256,end_to_end_wall,14,1,1,0.348287,20260829
1024,128,cuda_block_shuffle,block_shuffle256,end_to_end_wall,14,2,1,0.350461,20260829
1024,128,cuda_naive,block_shared256,batched_event_per_launch,15,0,100,0.0108931195736,20260829
1024,128,cuda_block_shuffle,block_shuffle256,batched_event_per_launch,15,1,100,0.00592256009579,20260829
1024,128,cuda_warp_register,warp_reg4,batched_event_per_launch,15,2,100,0.00288448005915,20260829
1024,128,cuda_naive,block_shared256,end_to_end_wall,15,0,1,0.360091,20260829
1024,128,cuda_block_shuffle,block_shuffle256,end_to_end_wall,15,1,1,0.341968,20260829
1024,128,cuda_warp_register,warp_reg4,end_to_end_wall,15,2,1,0.340466,20260829
1024,128,cuda_block_shuffle,block_shuffle256,batched_event_per_launch,16,0,100,0.00592320024967,20260829
1024,128,cuda_warp_register,warp_reg4,batched_event_per_launch,16,1,100,0.00288895994425,20260829
1024,128,cuda_naive,block_shared256,batched_event_per_launch,16,2,100,0.0108703994751,20260829
1024,128,cuda_block_shuffle,block_shuffle256,end_to_end_wall,16,0,1,0.351641,20260829
1024,128,cuda_warp_register,warp_reg4,end_to_end_wall,16,1,1,0.34131,20260829
1024,128,cuda_naive,block_shared256,end_to_end_wall,16,2,1,0.361851,20260829
1024,128,cuda_warp_register,warp_reg4,batched_event_per_launch,17,0,100,0.00290432006121,20260829
1024,128,cuda_naive,block_shared256,batched_event_per_launch,17,1,100,0.0108879995346,20260829
1024,128,cuda_block_shuffle,block_shuffle256,batched_event_per_launch,17,2,100,0.00591103971004,20260829
1024,128,cuda_warp_register,warp_reg4,end_to_end_wall,17,0,1,0.338499,20260829
1024,128,cuda_naive,block_shared256,end_to_end_wall,17,1,1,0.344599,20260829
1024,128,cuda_block_shuffle,block_shuffle256,end_to_end_wall,17,2,1,0.345062,20260829
1024,128,cuda_naive,block_shared256,batched_event_per_launch,18,0,100,0.0109158396721,20260829
1024,128,cuda_block_shuffle,block_shuffle256,batched_event_per_launch,18,1,100,0.00595871984959,20260829
1024,128,cuda_warp_register,warp_reg4,batched_event_per_launch,18,2,100,0.00298976004124,20260829
1024,128,cuda_naive,block_shared256,end_to_end_wall,18,0,1,0.362136,20260829
1024,128,cuda_block_shuffle,block_shuffle256,end_to_end_wall,18,1,1,0.35126,20260829
1024,128,cuda_warp_register,warp_reg4,end_to_end_wall,18,2,1,0.345207,20260829
1024,128,cuda_block_shuffle,block_shuffle256,batched_event_per_launch,19,0,100,0.00592671990395,20260829
1024,128,cuda_warp_register,warp_reg4,batched_event_per_launch,19,1,100,0.00288832008839,20260829
1024,128,cuda_naive,block_shared256,batched_event_per_launch,19,2,100,0.0108863997459,20260829
1024,128,cuda_block_shuffle,block_shuffle256,end_to_end_wall,19,0,1,0.342032,20260829
1024,128,cuda_warp_register,warp_reg4,end_to_end_wall,19,1,1,0.342856,20260829
1024,128,cuda_naive,block_shared256,end_to_end_wall,19,2,1,0.364312,20260829
1024,128,cuda_warp_register,warp_reg4,batched_event_per_launch,20,0,100,0.00292672008276,20260829
1024,128,cuda_naive,block_shared256,batched_event_per_launch,20,1,100,0.0108816003799,20260829
1024,128,cuda_block_shuffle,block_shuffle256,batched_event_per_launch,20,2,100,0.00591584026814,20260829
1024,128,cuda_warp_register,warp_reg4,end_to_end_wall,20,0,1,0.34037,20260829
1024,128,cuda_naive,block_shared256,end_to_end_wall,20,1,1,0.344857,20260829
1024,128,cuda_block_shuffle,block_shuffle256,end_to_end_wall,20,2,1,0.353484,20260829
1024,257,cuda_naive,block_shared256,batched_event_per_launch,0,0,100,0.0118268799782,20260829
1024,257,cuda_block_shuffle,block_shuffle256,batched_event_per_launch,0,1,100,0.00707520008087,20260829
1024,257,cuda_warp_register,warp_reg16,batched_event_per_launch,0,2,100,0.0041974401474,20260829
1024,257,cuda_naive,block_shared256,end_to_end_wall,0,0,1,0.895681,20260829
1024,257,cuda_block_shuffle,block_shuffle256,end_to_end_wall,0,1,1,0.867426,20260829
1024,257,cuda_warp_register,warp_reg16,end_to_end_wall,0,2,1,0.877681,20260829
1024,257,cuda_block_shuffle,block_shuffle256,batched_event_per_launch,1,0,100,0.00715615987778,20260829
1024,257,cuda_warp_register,warp_reg16,batched_event_per_launch,1,1,100,0.00419423997402,20260829
1024,257,cuda_naive,block_shared256,batched_event_per_launch,1,2,100,0.0117635202408,20260829
1024,257,cuda_block_shuffle,block_shuffle256,end_to_end_wall,1,0,1,1.07986,20260829
1024,257,cuda_warp_register,warp_reg16,end_to_end_wall,1,1,1,1.060165,20260829
1024,257,cuda_naive,block_shared256,end_to_end_wall,1,2,1,1.057637,20260829
1024,257,cuda_warp_register,warp_reg16,batched_event_per_launch,2,0,100,0.00427807986736,20260829
1024,257,cuda_naive,block_shared256,batched_event_per_launch,2,1,100,0.0117887997627,20260829
1024,257,cuda_block_shuffle,block_shuffle256,batched_event_per_launch,2,2,100,0.00713087975979,20260829
1024,257,cuda_warp_register,warp_reg16,end_to_end_wall,2,0,1,1.109125,20260829
1024,257,cuda_naive,block_shared256,end_to_end_wall,2,1,1,1.068145,20260829
1024,257,cuda_block_shuffle,block_shuffle256,end_to_end_wall,2,2,1,1.018187,20260829
1024,257,cuda_naive,block_shared256,batched_event_per_launch,3,0,100,0.011837439537,20260829
1024,257,cuda_block_shuffle,block_shuffle256,batched_event_per_launch,3,1,100,0.00710976004601,20260829
1024,257,cuda_warp_register,warp_reg16,batched_event_per_launch,3,2,100,0.00419328004122,20260829
1024,257,cuda_naive,block_shared256,end_to_end_wall,3,0,1,0.955148,20260829
1024,257,cuda_block_shuffle,block_shuffle256,end_to_end_wall,3,1,1,0.870929,20260829
1024,257,cuda_warp_register,warp_reg16,end_to_end_wall,3,2,1,0.90052,20260829
1024,257,cuda_block_shuffle,block_shuffle256,batched_event_per_launch,4,0,100,0.00715807974339,20260829
1024,257,cuda_warp_register,warp_reg16,batched_event_per_launch,4,1,100,0.00419295996428,20260829
1024,257,cuda_naive,block_shared256,batched_event_per_launch,4,2,100,0.0117468798161,20260829
1024,257,cuda_block_shuffle,block_shuffle256,end_to_end_wall,4,0,1,0.89334,20260829
1024,257,cuda_warp_register,warp_reg16,end_to_end_wall,4,1,1,0.856972,20260829
1024,257,cuda_naive,block_shared256,end_to_end_wall,4,2,1,0.866137,20260829
1024,257,cuda_warp_register,warp_reg16,batched_event_per_launch,5,0,100,0.00426687985659,20260829
1024,257,cuda_naive,block_shared256,batched_event_per_launch,5,1,100,0.0117590403557,20260829
1024,257,cuda_block_shuffle,block_shuffle256,batched_event_per_launch,5,2,100,0.00707584023476,20260829
1024,257,cuda_warp_register,warp_reg16,end_to_end_wall,5,0,1,0.878057,20260829
1024,257,cuda_naive,block_shared256,end_to_end_wall,5,1,1,0.851609,20260829
1024,257,cuda_block_shuffle,block_shuffle256,end_to_end_wall,5,2,1,0.859589,20260829
1024,257,cuda_naive,block_shared256,batched_event_per_launch,6,0,100,0.0118355202675,20260829
1024,257,cuda_block_shuffle,block_shuffle256,batched_event_per_launch,6,1,100,0.00709375977516,20260829
1024,257,cuda_warp_register,warp_reg16,batched_event_per_launch,6,2,100,0.00420064002275,20260829
1024,257,cuda_naive,block_shared256,end_to_end_wall,6,0,1,0.885807,20260829
1024,257,cuda_block_shuffle,block_shuffle256,end_to_end_wall,6,1,1,0.863915,20260829
1024,257,cuda_warp_register,warp_reg16,end_to_end_wall,6,2,1,0.855482,20260829
1024,257,cuda_block_shuffle,block_shuffle256,batched_event_per_launch,7,0,100,0.00713599979877,20260829
1024,257,cuda_warp_register,warp_reg16,batched_event_per_launch,7,1,100,0.00423200011253,20260829
1024,257,cuda_naive,block_shared256,batched_event_per_launch,7,2,100,0.0117651200294,20260829
1024,257,cuda_block_shuffle,block_shuffle256,end_to_end_wall,7,0,1,0.884399,20260829
1024,257,cuda_warp_register,warp_reg16,end_to_end_wall,7,1,1,0.860213,20260829
1024,257,cuda_naive,block_shared256,end_to_end_wall,7,2,1,0.870509,20260829
1024,257,cuda_warp_register,warp_reg16,batched_event_per_launch,8,0,100,0.00426335990429,20260829
1024,257,cuda_naive,block_shared256,batched_event_per_launch,8,1,100,0.0117590403557,20260829
1024,257,cuda_block_shuffle,block_shuffle256,batched_event_per_launch,8,2,100,0.00711135983467,20260829
1024,257,cuda_warp_register,warp_reg16,end_to_end_wall,8,0,1,0.886199,20260829
1024,257,cuda_naive,block_shared256,end_to_end_wall,8,1,1,0.869499,20260829
1024,257,cuda_block_shuffle,block_shuffle256,end_to_end_wall,8,2,1,0.870271,20260829
1024,257,cuda_naive,block_shared256,batched_event_per_launch,9,0,100,0.0118339204788,20260829
1024,257,cuda_block_shuffle,block_shuffle256,batched_event_per_launch,9,1,100,0.00707871973515,20260829
1024,257,cuda_warp_register,warp_reg16,batched_event_per_launch,9,2,100,0.00419679999352,20260829
1024,257,cuda_naive,block_shared256,end_to_end_wall,9,0,1,0.865011,20260829
1024,257,cuda_block_shuffle,block_shuffle256,end_to_end_wall,9,1,1,0.869116,20260829
1024,257,cuda_warp_register,warp_reg16,end_to_end_wall,9,2,1,0.872693,20260829
1024,257,cuda_block_shuffle,block_shuffle256,batched_event_per_launch,10,0,100,0.00713984012604,20260829
1024,257,cuda_warp_register,warp_reg16,batched_event_per_launch,10,1,100,0.00419519990683,20260829
1024,257,cuda_naive,block_shared256,batched_event_per_launch,10,2,100,0.0117657601833,20260829
1024,257,cuda_block_shuffle,block_shuffle256,end_to_end_wall,10,0,1,0.876253,20260829
1024,257,cuda_warp_register,warp_reg16,end_to_end_wall,10,1,1,0.865426,20260829
1024,257,cuda_naive,block_shared256,end_to_end_wall,10,2,1,0.87914,20260829
1024,257,cuda_warp_register,warp_reg16,batched_event_per_launch,11,0,100,0.00425440013409,20260829
1024,257,cuda_naive,block_shared256,batched_event_per_launch,11,1,100,0.0117568004131,20260829
1024,257,cuda_block_shuffle,block_shuffle256,batched_event_per_launch,11,2,100,0.00707647979259,20260829
1024,257,cuda_warp_register,warp_reg16,end_to_end_wall,11,0,1,0.863972,20260829
1024,257,cuda_naive,block_shared256,end_to_end_wall,11,1,1,0.868548,20260829
1024,257,cuda_block_shuffle,block_shuffle256,end_to_end_wall,11,2,1,0.860364,20260829
1024,257,cuda_naive,block_shared256,batched_event_per_launch,12,0,100,0.0118192005157,20260829
1024,257,cuda_block_shuffle,block_shuffle256,batched_event_per_launch,12,1,100,0.0070739197731,20260829
1024,257,cuda_warp_register,warp_reg16,batched_event_per_launch,12,2,100,0.00419423997402,20260829
1024,257,cuda_naive,block_shared256,end_to_end_wall,12,0,1,0.86641,20260829
1024,257,cuda_block_shuffle,block_shuffle256,end_to_end_wall,12,1,1,0.860247,20260829
1024,257,cuda_warp_register,warp_reg16,end_to_end_wall,12,2,1,0.865374,20260829
1024,257,cuda_block_shuffle,block_shuffle256,batched_event_per_launch,13,0,100,0.00713567972183,20260829
1024,257,cuda_warp_register,warp_reg16,batched_event_per_launch,13,1,100,0.00419456005096,20260829
1024,257,cuda_naive,block_shared256,batched_event_per_launch,13,2,100,0.0117516803741,20260829
1024,257,cuda_block_shuffle,block_shuffle256,end_to_end_wall,13,0,1,0.888338,20260829
1024,257,cuda_warp_register,warp_reg16,end_to_end_wall,13,1,1,1.207043,20260829
1024,257,cuda_naive,block_shared256,end_to_end_wall,13,2,1,0.878873,20260829
1024,257,cuda_warp_register,warp_reg16,batched_event_per_launch,14,0,100,0.00427520006895,20260829
1024,257,cuda_naive,block_shared256,batched_event_per_launch,14,1,100,0.0117587196827,20260829
1024,257,cuda_block_shuffle,block_shuffle256,batched_event_per_launch,14,2,100,0.00708032011986,20260829
1024,257,cuda_warp_register,warp_reg16,end_to_end_wall,14,0,1,1.049186,20260829
1024,257,cuda_naive,block_shared256,end_to_end_wall,14,1,1,1.078515,20260829
1024,257,cuda_block_shuffle,block_shuffle256,end_to_end_wall,14,2,1,1.057714,20260829
1024,257,cuda_naive,block_shared256,batched_event_per_launch,15,0,100,0.0118310403824,20260829
1024,257,cuda_block_shuffle,block_shuffle256,batched_event_per_launch,15,1,100,0.00711871981621,20260829
1024,257,cuda_warp_register,warp_reg16,batched_event_per_launch,15,2,100,0.00419936001301,20260829
1024,257,cuda_naive,block_shared256,end_to_end_wall,15,0,1,0.895768,20260829
1024,257,cuda_block_shuffle,block_shuffle256,end_to_end_wall,15,1,1,0.869028,20260829
1024,257,cuda_warp_register,warp_reg16,end_to_end_wall,15,2,1,0.871122,20260829
1024,257,cuda_block_shuffle,block_shuffle256,batched_event_per_launch,16,0,100,0.0071571201086,20260829
1024,257,cuda_warp_register,warp_reg16,batched_event_per_launch,16,1,100,0.00419679999352,20260829
1024,257,cuda_naive,block_shared256,batched_event_per_launch,16,2,100,0.0117615997791,20260829
1024,257,cuda_block_shuffle,block_shuffle256,end_to_end_wall,16,0,1,0.876048,20260829
1024,257,cuda_warp_register,warp_reg16,end_to_end_wall,16,1,1,0.84857,20260829
1024,257,cuda_naive,block_shared256,end_to_end_wall,16,2,1,0.870692,20260829
1024,257,cuda_warp_register,warp_reg16,batched_event_per_launch,17,0,100,0.00426239997149,20260829
1024,257,cuda_naive,block_shared256,batched_event_per_launch,17,1,100,0.0117535996437,20260829
1024,257,cuda_block_shuffle,block_shuffle256,batched_event_per_launch,17,2,100,0.00707840025425,20260829
1024,257,cuda_warp_register,warp_reg16,end_to_end_wall,17,0,1,0.869897,20260829
1024,257,cuda_naive,block_shared256,end_to_end_wall,17,1,1,0.870733,20260829
1024,257,cuda_block_shuffle,block_shuffle256,end_to_end_wall,17,2,1,0.863458,20260829
1024,257,cuda_naive,block_shared256,batched_event_per_launch,18,0,100,0.0118131196499,20260829
1024,257,cuda_block_shuffle,block_shuffle256,batched_event_per_launch,18,1,100,0.00707231998444,20260829
1024,257,cuda_warp_register,warp_reg16,batched_event_per_launch,18,2,100,0.00419456005096,20260829
1024,257,cuda_naive,block_shared256,end_to_end_wall,18,0,1,0.870111,20260829
1024,257,cuda_block_shuffle,block_shuffle256,end_to_end_wall,18,1,1,0.866523,20260829
1024,257,cuda_warp_register,warp_reg16,end_to_end_wall,18,2,1,0.86477,20260829
1024,257,cuda_block_shuffle,block_shuffle256,batched_event_per_launch,19,0,100,0.00715488016605,20260829
1024,257,cuda_warp_register,warp_reg16,batched_event_per_launch,19,1,100,0.00420159995556,20260829
1024,257,cuda_naive,block_shared256,batched_event_per_launch,19,2,100,0.0117580795288,20260829
1024,257,cuda_block_shuffle,block_shuffle256,end_to_end_wall,19,0,1,0.903155,20260829
1024,257,cuda_warp_register,warp_reg16,end_to_end_wall,19,1,1,0.990071,20260829
1024,257,cuda_naive,block_shared256,end_to_end_wall,19,2,1,0.875138,20260829
1024,257,cuda_warp_register,warp_reg16,batched_event_per_launch,20,0,100,0.00429567992687,20260829
1024,257,cuda_naive,block_shared256,batched_event_per_launch,20,1,100,0.0117609596252,20260829
1024,257,cuda_block_shuffle,block_shuffle256,batched_event_per_launch,20,2,100,0.00707935988903,20260829
1024,257,cuda_warp_register,warp_reg16,end_to_end_wall,20,0,1,0.875286,20260829
1024,257,cuda_naive,block_shared256,end_to_end_wall,20,1,1,0.851053,20260829
1024,257,cuda_block_shuffle,block_shuffle256,end_to_end_wall,20,2,1,0.859943,20260829
1024,512,cuda_naive,block_shared256,batched_event_per_launch,0,0,100,0.0126038396358,20260829
1024,512,cuda_block_shuffle,block_shuffle256,batched_event_per_launch,0,1,100,0.00778559982777,20260829
1024,512,cuda_warp_register,warp_reg16,batched_event_per_launch,0,2,100,0.00519680023193,20260829
1024,512,cuda_naive,block_shared256,end_to_end_wall,0,0,1,1.07551,20260829
1024,512,cuda_block_shuffle,block_shuffle256,end_to_end_wall,0,1,1,1.049279,20260829
1024,512,cuda_warp_register,warp_reg16,end_to_end_wall,0,2,1,1.04792,20260829
1024,512,cuda_block_shuffle,block_shuffle256,batched_event_per_launch,1,0,100,0.00783200025558,20260829
1024,512,cuda_warp_register,warp_reg16,batched_event_per_launch,1,1,100,0.00519487977028,20260829
1024,512,cuda_naive,block_shared256,batched_event_per_launch,1,2,100,0.0125039994717,20260829
1024,512,cuda_block_shuffle,block_shuffle256,end_to_end_wall,1,0,1,1.059161,20260829
1024,512,cuda_warp_register,warp_reg16,end_to_end_wall,1,1,1,1.065093,20260829
1024,512,cuda_naive,block_shared256,end_to_end_wall,1,2,1,1.069846,20260829
1024,512,cuda_warp_register,warp_reg16,batched_event_per_launch,2,0,100,0.00529568016529,20260829
1024,512,cuda_naive,block_shared256,batched_event_per_launch,2,1,100,0.0124847996235,20260829
1024,512,cuda_block_shuffle,block_shuffle256,batched_event_per_launch,2,2,100,0.00775551974773,20260829
1024,512,cuda_warp_register,warp_reg16,end_to_end_wall,2,0,1,1.067945,20260829
1024,512,cuda_naive,block_shared256,end_to_end_wall,2,1,1,1.161119,20260829
1024,512,cuda_block_shuffle,block_shuffle256,end_to_end_wall,2,2,1,1.065231,20260829
1024,512,cuda_naive,block_shared256,batched_event_per_launch,3,0,100,0.0125865602493,20260829
1024,512,cuda_block_shuffle,block_shuffle256,batched_event_per_launch,3,1,100,0.00775583982468,20260829
1024,512,cuda_warp_register,warp_reg16,batched_event_per_launch,3,2,100,0.00517856001854,20260829
1024,512,cuda_naive,block_shared256,end_to_end_wall,3,0,1,1.140591,20260829
1024,512,cuda_block_shuffle,block_shuffle256,end_to_end_wall,3,1,1,1.085893,20260829
1024,512,cuda_warp_register,warp_reg16,end_to_end_wall,3,2,1,1.087729,20260829
1024,512,cuda_block_shuffle,block_shuffle256,batched_event_per_launch,4,0,100,0.0078403198719,20260829
1024,512,cuda_warp_register,warp_reg16,batched_event_per_launch,4,1,100,0.00518848001957,20260829
1024,512,cuda_naive,block_shared256,batched_event_per_launch,4,2,100,0.0124918401241,20260829
1024,512,cuda_block_shuffle,block_shuffle256,end_to_end_wall,4,0,1,1.084903,20260829
1024,512,cuda_warp_register,warp_reg16,end_to_end_wall,4,1,1,1.072364,20260829
1024,512,cuda_naive,block_shared256,end_to_end_wall,4,2,1,1.080324,20260829
1024,512,cuda_warp_register,warp_reg16,batched_event_per_launch,5,0,100,0.00528832018375,20260829
1024,512,cuda_naive,block_shared256,batched_event_per_launch,5,1,100,0.0124947202206,20260829
1024,512,cuda_block_shuffle,block_shuffle256,batched_event_per_launch,5,2,100,0.00772960007191,20260829
1024,512,cuda_warp_register,warp_reg16,end_to_end_wall,5,0,1,1.053309,20260829
1024,512,cuda_naive,block_shared256,end_to_end_wall,5,1,1,1.06422,20260829
1024,512,cuda_block_shuffle,block_shuffle256,end_to_end_wall,5,2,1,1.068444,20260829
1024,512,cuda_naive,block_shared256,batched_event_per_launch,6,0,100,0.0125903999805,20260829
1024,512,cuda_block_shuffle,block_shuffle256,batched_event_per_launch,6,1,100,0.00774399995804,20260829
1024,512,cuda_warp_register,warp_reg16,batched_event_per_launch,6,2,100,0.00517920017242,20260829
1024,512,cuda_naive,block_shared256,end_to_end_wall,6,0,1,1.096931,20260829
1024,512,cuda_block_shuffle,block_shuffle256,end_to_end_wall,6,1,1,1.080567,20260829
1024,512,cuda_warp_register,warp_reg16,end_to_end_wall,6,2,1,1.080882,20260829
1024,512,cuda_block_shuffle,block_shuffle256,batched_event_per_launch,7,0,100,0.00785440027714,20260829
1024,512,cuda_warp_register,warp_reg16,batched_event_per_launch,7,1,100,0.00517440021038,20260829
1024,512,cuda_naive,block_shared256,batched_event_per_launch,7,2,100,0.0124899196625,20260829
1024,512,cuda_block_shuffle,block_shuffle256,end_to_end_wall,7,0,1,1.16208,20260829
1024,512,cuda_warp_register,warp_reg16,end_to_end_wall,7,1,1,1.056985,20260829
1024,512,cuda_naive,block_shared256,end_to_end_wall,7,2,1,1.073528,20260829
1024,512,cuda_warp_register,warp_reg16,batched_event_per_launch,8,0,100,0.00529504001141,20260829
1024,512,cuda_naive,block_shared256,batched_event_per_launch,8,1,100,0.012502720356,20260829
1024,512,cuda_block_shuffle,block_shuffle256,batched_event_per_launch,8,2,100,0.00775647997856,20260829
1024,512,cuda_warp_register,warp_reg16,end_to_end_wall,8,0,1,1.07373,20260829
1024,512,cuda_naive,block_shared256,end_to_end_wall,8,1,1,1.059598,20260829
1024,512,cuda_block_shuffle,block_shuffle256,end_to_end_wall,8,2,1,1.061134,20260829
1024,512,cuda_naive,block_shared256,batched_event_per_launch,9,0,100,0.012567679882,20260829
1024,512,cuda_block_shuffle,block_shuffle256,batched_event_per_launch,9,1,100,0.00775807976723,20260829
1024,512,cuda_warp_register,warp_reg16,batched_event_per_launch,9,2,100,0.00518112003803,20260829
1024,512,cuda_naive,block_shared256,end_to_end_wall,9,0,1,1.068892,20260829
1024,512,cuda_block_shuffle,block_shuffle256,end_to_end_wall,9,1,1,1.058752,20260829
1024,512,cuda_warp_register,warp_reg16,end_to_end_wall,9,2,1,1.061625,20260829
1024,512,cuda_block_shuffle,block_shuffle256,batched_event_per_launch,10,0,100,0.00786207973957,20260829
1024,512,cuda_warp_register,warp_reg16,batched_event_per_launch,10,1,100,0.00518912017345,20260829
1024,512,cuda_naive,block_shared256,batched_event_per_launch,10,2,100,0.0125043201447,20260829
1024,512,cuda_block_shuffle,block_shuffle256,end_to_end_wall,10,0,1,1.142936,20260829
1024,512,cuda_warp_register,warp_reg16,end_to_end_wall,10,1,1,1.085775,20260829
1024,512,cuda_naive,block_shared256,end_to_end_wall,10,2,1,1.12892,20260829
1024,512,cuda_warp_register,warp_reg16,batched_event_per_launch,11,0,100,0.00528991997242,20260829
1024,512,cuda_naive,block_shared256,batched_event_per_launch,11,1,100,0.012492480278,20260829
1024,512,cuda_block_shuffle,block_shuffle256,batched_event_per_launch,11,2,100,0.00775520026684,20260829
1024,512,cuda_warp_register,warp_reg16,end_to_end_wall,11,0,1,1.067503,20260829
1024,512,cuda_naive,block_shared256,end_to_end_wall,11,1,1,1.060603,20260829
1024,512,cuda_block_shuffle,block_shuffle256,end_to_end_wall,11,2,1,1.082112,20260829
1024,512,cuda_naive,block_shared256,batched_event_per_launch,12,0,100,0.0125785601139,20260829
1024,512,cuda_block_shuffle,block_shuffle256,batched_event_per_launch,12,1,100,0.00775712013245,20260829
1024,512,cuda_warp_register,warp_reg16,batched_event_per_launch,12,2,100,0.00518912017345,20260829
1024,512,cuda_naive,block_shared256,end_to_end_wall,12,0,1,1.08008,20260829
1024,512,cuda_block_shuffle,block_shuffle256,end_to_end_wall,12,1,1,1.038451,20260829
1024,512,cuda_warp_register,warp_reg16,end_to_end_wall,12,2,1,1.050967,20260829
1024,512,cuda_block_shuffle,block_shuffle256,batched_event_per_launch,13,0,100,0.0078470402956,20260829
1024,512,cuda_warp_register,warp_reg16,batched_event_per_launch,13,1,100,0.00519039988518,20260829
1024,512,cuda_naive,block_shared256,batched_event_per_launch,13,2,100,0.0125136005878,20260829
1024,512,cuda_block_shuffle,block_shuffle256,end_to_end_wall,13,0,1,1.09201,20260829
1024,512,cuda_warp_register,warp_reg16,end_to_end_wall,13,1,1,1.048852,20260829
1024,512,cuda_naive,block_shared256,end_to_end_wall,13,2,1,1.066345,20260829
1024,512,cuda_warp_register,warp_reg16,batched_event_per_launch,14,0,100,0.0052863997221,20260829
1024,512,cuda_naive,block_shared256,batched_event_per_launch,14,1,100,0.0124918401241,20260829
1024,512,cuda_block_shuffle,block_shuffle256,batched_event_per_launch,14,2,100,0.00777375996113,20260829
1024,512,cuda_warp_register,warp_reg16,end_to_end_wall,14,0,1,1.256619,20260829
1024,512,cuda_naive,block_shared256,end_to_end_wall,14,1,1,1.069653,20260829
1024,512,cuda_block_shuffle,block_shuffle256,end_to_end_wall,14,2,1,1.061947,20260829
1024,512,cuda_naive,block_shared256,batched_event_per_launch,15,0,100,0.0125836801529,20260829
1024,512,cuda_block_shuffle,block_shuffle256,batched_event_per_launch,15,1,100,0.00773440003395,20260829
1024,512,cuda_warp_register,warp_reg16,batched_event_per_launch,15,2,100,0.00518015980721,20260829
1024,512,cuda_naive,block_shared256,end_to_end_wall,15,0,1,1.116234,20260829
1024,512,cuda_block_shuffle,block_shuffle256,end_to_end_wall,15,1,1,1.071306,20260829
1024,512,cuda_warp_register,warp_reg16,end_to_end_wall,15,2,1,1.0486,20260829
1024,512,cuda_block_shuffle,block_shuffle256,batched_event_per_launch,16,0,100,0.0078470402956,20260829
1024,512,cuda_warp_register,warp_reg16,batched_event_per_launch,16,1,100,0.00517216026783,20260829
1024,512,cuda_naive,block_shared256,batched_event_per_launch,16,2,100,0.0124992001057,20260829
1024,512,cuda_block_shuffle,block_shuffle256,end_to_end_wall,16,0,1,1.061998,20260829
1024,512,cuda_warp_register,warp_reg16,end_to_end_wall,16,1,1,1.070259,20260829
1024,512,cuda_naive,block_shared256,end_to_end_wall,16,2,1,1.070556,20260829
1024,512,cuda_warp_register,warp_reg16,batched_event_per_launch,17,0,100,0.00529407978058,20260829
1024,512,cuda_naive,block_shared256,batched_event_per_launch,17,1,100,0.012477439642,20260829
1024,512,cuda_block_shuffle,block_shuffle256,batched_event_per_launch,17,2,100,0.00774847984314,20260829
1024,512,cuda_warp_register,warp_reg16,end_to_end_wall,17,0,1,1.101285,20260829
1024,512,cuda_naive,block_shared256,end_to_end_wall,17,1,1,1.081872,20260829
1024,512,cuda_block_shuffle,block_shuffle256,end_to_end_wall,17,2,1,1.072162,20260829
1024,512,cuda_naive,block_shared256,batched_event_per_launch,18,0,100,0.0125849604607,20260829
1024,512,cuda_block_shuffle,block_shuffle256,batched_event_per_launch,18,1,100,0.00773919999599,20260829
1024,512,cuda_warp_register,warp_reg16,batched_event_per_launch,18,2,100,0.00517759978771,20260829
1024,512,cuda_naive,block_shared256,end_to_end_wall,18,0,1,1.055638,20260829
1024,512,cuda_block_shuffle,block_shuffle256,end_to_end_wall,18,1,1,1.0527,20260829
1024,512,cuda_warp_register,warp_reg16,end_to_end_wall,18,2,1,1.072971,20260829
1024,512,cuda_block_shuffle,block_shuffle256,batched_event_per_launch,19,0,100,0.00784384012222,20260829
1024,512,cuda_warp_register,warp_reg16,batched_event_per_launch,19,1,100,0.00517791986465,20260829
1024,512,cuda_naive,block_shared256,batched_event_per_launch,19,2,100,0.0124988794327,20260829
1024,512,cuda_block_shuffle,block_shuffle256,end_to_end_wall,19,0,1,1.073224,20260829
1024,512,cuda_warp_register,warp_reg16,end_to_end_wall,19,1,1,1.051001,20260829
1024,512,cuda_naive,block_shared256,end_to_end_wall,19,2,1,1.06096,20260829
1024,512,cuda_warp_register,warp_reg16,batched_event_per_launch,20,0,100,0.00529856026173,20260829
1024,512,cuda_naive,block_shared256,batched_event_per_launch,20,1,100,0.0124937605858,20260829
1024,512,cuda_block_shuffle,block_shuffle256,batched_event_per_launch,20,2,100,0.0077411198616,20260829
1024,512,cuda_warp_register,warp_reg16,end_to_end_wall,20,0,1,1.056912,20260829
1024,512,cuda_naive,block_shared256,end_to_end_wall,20,1,1,1.062618,20260829
1024,512,cuda_block_shuffle,block_shuffle256,end_to_end_wall,20,2,1,1.059432,20260829
1024,1024,cuda_naive,block_shared256,batched_event_per_launch,0,0,100,0.0218815994263,20260829
1024,1024,cuda_block_shuffle,block_shuffle256,batched_event_per_launch,0,1,100,0.0198604798317,20260829
1024,1024,cuda_warp_register,warp_reg32,batched_event_per_launch,0,2,100,0.018907200098,20260829
1024,1024,cuda_naive,block_shared256,end_to_end_wall,0,0,1,2.488363,20260829
1024,1024,cuda_block_shuffle,block_shuffle256,end_to_end_wall,0,1,1,2.32044,20260829
1024,1024,cuda_warp_register,warp_reg32,end_to_end_wall,0,2,1,2.300252,20260829
1024,1024,cuda_block_shuffle,block_shuffle256,batched_event_per_launch,1,0,100,0.019960000515,20260829
1024,1024,cuda_warp_register,warp_reg32,batched_event_per_launch,1,1,100,0.0188860797882,20260829
1024,1024,cuda_naive,block_shared256,batched_event_per_launch,1,2,100,0.0217507195473,20260829
1024,1024,cuda_block_shuffle,block_shuffle256,end_to_end_wall,1,0,1,2.372922,20260829
1024,1024,cuda_warp_register,warp_reg32,end_to_end_wall,1,1,1,2.305695,20260829
1024,1024,cuda_naive,block_shared256,end_to_end_wall,1,2,1,2.309566,20260829
1024,1024,cuda_warp_register,warp_reg32,batched_event_per_launch,2,0,100,0.0190147197247,20260829
1024,1024,cuda_naive,block_shared256,batched_event_per_launch,2,1,100,0.0217935991287,20260829
1024,1024,cuda_block_shuffle,block_shuffle256,batched_event_per_launch,2,2,100,0.0198428797722,20260829
1024,1024,cuda_warp_register,warp_reg32,end_to_end_wall,2,0,1,2.473384,20260829
1024,1024,cuda_naive,block_shared256,end_to_end_wall,2,1,1,2.404032,20260829
1024,1024,cuda_block_shuffle,block_shuffle256,end_to_end_wall,2,2,1,2.364167,20260829
1024,1024,cuda_naive,block_shared256,batched_event_per_launch,3,0,100,0.0218521595001,20260829
1024,1024,cuda_block_shuffle,block_shuffle256,batched_event_per_launch,3,1,100,0.0198515200615,20260829
1024,1024,cuda_warp_register,warp_reg32,batched_event_per_launch,3,2,100,0.0188479995728,20260829
1024,1024,cuda_naive,block_shared256,end_to_end_wall,3,0,1,2.804111,20260829
1024,1024,cuda_block_shuffle,block_shuffle256,end_to_end_wall,3,1,1,2.625145,20260829
1024,1024,cuda_warp_register,warp_reg32,end_to_end_wall,3,2,1,2.4209,20260829
1024,1024,cuda_block_shuffle,block_shuffle256,batched_event_per_launch,4,0,100,0.0199663996696,20260829
1024,1024,cuda_warp_register,warp_reg32,batched_event_per_launch,4,1,100,0.0188886404037,20260829
1024,1024,cuda_naive,block_shared256,batched_event_per_launch,4,2,100,0.0217891192436,20260829
1024,1024,cuda_block_shuffle,block_shuffle256,end_to_end_wall,4,0,1,2.607564,20260829
1024,1024,cuda_warp_register,warp_reg32,end_to_end_wall,4,1,1,2.44701,20260829
1024,1024,cuda_naive,block_shared256,end_to_end_wall,4,2,1,2.382096,20260829
1024,1024,cuda_warp_register,warp_reg32,batched_event_per_launch,5,0,100,0.0190179204941,20260829
1024,1024,cuda_naive,block_shared256,batched_event_per_launch,5,1,100,0.0217577600479,20260829
1024,1024,cuda_block_shuffle,block_shuffle256,batched_event_per_launch,5,2,100,0.0198230397701,20260829
1024,1024,cuda_warp_register,warp_reg32,end_to_end_wall,5,0,1,2.583287,20260829
1024,1024,cuda_naive,block_shared256,end_to_end_wall,5,1,1,2.45359,20260829
1024,1024,cuda_block_shuffle,block_shuffle256,end_to_end_wall,5,2,1,2.412763,20260829
1024,1024,cuda_naive,block_shared256,batched_event_per_launch,6,0,100,0.0218774390221,20260829
1024,1024,cuda_block_shuffle,block_shuffle256,batched_event_per_launch,6,1,100,0.0198364794254,20260829
1024,1024,cuda_warp_register,warp_reg32,batched_event_per_launch,6,2,100,0.0189040005207,20260829
1024,1024,cuda_naive,block_shared256,end_to_end_wall,6,0,1,2.568842,20260829
1024,1024,cuda_block_shuffle,block_shuffle256,end_to_end_wall,6,1,1,2.404853,20260829
1024,1024,cuda_warp_register,warp_reg32,end_to_end_wall,6,2,1,2.419995,20260829
1024,1024,cuda_block_shuffle,block_shuffle256,batched_event_per_launch,7,0,100,0.019984639883,20260829
1024,1024,cuda_warp_register,warp_reg32,batched_event_per_launch,7,1,100,0.0188678395748,20260829
1024,1024,cuda_naive,block_shared256,batched_event_per_launch,7,2,100,0.0217747211456,20260829
1024,1024,cuda_block_shuffle,block_shuffle256,end_to_end_wall,7,0,1,2.620438,20260829
1024,1024,cuda_warp_register,warp_reg32,end_to_end_wall,7,1,1,2.444566,20260829
1024,1024,cuda_naive,block_shared256,end_to_end_wall,7,2,1,2.371769,20260829
1024,1024,cuda_warp_register,warp_reg32,batched_event_per_launch,8,0,100,0.0189571201801,20260829
1024,1024,cuda_naive,block_shared256,batched_event_per_launch,8,1,100,0.0217798399925,20260829
1024,1024,cuda_block_shuffle,block_shuffle256,batched_event_per_launch,8,2,100,0.0198486399651,20260829
1024,1024,cuda_warp_register,warp_reg32,end_to_end_wall,8,0,1,2.71265,20260829
1024,1024,cuda_naive,block_shared256,end_to_end_wall,8,1,1,2.472872,20260829
1024,1024,cuda_block_shuffle,block_shuffle256,end_to_end_wall,8,2,1,2.36404,20260829
1024,1024,cuda_naive,block_shared256,batched_event_per_launch,9,0,100,0.0218857598305,20260829
1024,1024,cuda_block_shuffle,block_shuffle256,batched_event_per_launch,9,1,100,0.0198624002934,20260829
1024,1024,cuda_warp_register,warp_reg32,batched_event_per_launch,9,2,100,0.0188806402683,20260829
1024,1024,cuda_naive,block_shared256,end_to_end_wall,9,0,1,2.937373,20260829
1024,1024,cuda_block_shuffle,block_shuffle256,end_to_end_wall,9,1,1,2.436186,20260829
1024,1024,cuda_warp_register,warp_reg32,end_to_end_wall,9,2,1,2.366874,20260829
1024,1024,cuda_block_shuffle,block_shuffle256,batched_event_per_launch,10,0,100,0.0199292802811,20260829
1024,1024,cuda_warp_register,warp_reg32,batched_event_per_launch,10,1,100,0.0188947200775,20260829
1024,1024,cuda_naive,block_shared256,batched_event_per_launch,10,2,100,0.0217411208153,20260829
1024,1024,cuda_block_shuffle,block_shuffle256,end_to_end_wall,10,0,1,2.6941,20260829
1024,1024,cuda_warp_register,warp_reg32,end_to_end_wall,10,1,1,2.473751,20260829
1024,1024,cuda_naive,block_shared256,end_to_end_wall,10,2,1,2.435693,20260829
1024,1024,cuda_warp_register,warp_reg32,batched_event_per_launch,11,0,100,0.0189696002007,20260829
1024,1024,cuda_naive,block_shared256,batched_event_per_launch,11,1,100,0.0217680001259,20260829
1024,1024,cuda_block_shuffle,block_shuffle256,batched_event_per_launch,11,2,100,0.0198454403877,20260829
1024,1024,cuda_warp_register,warp_reg32,end_to_end_wall,11,0,1,2.665272,20260829
1024,1024,cuda_naive,block_shared256,end_to_end_wall,11,1,1,2.495844,20260829
1024,1024,cuda_block_shuffle,block_shuffle256,end_to_end_wall,11,2,1,2.384704,20260829
1024,1024,cuda_naive,block_shared256,batched_event_per_launch,12,0,100,0.0218995189667,20260829
1024,1024,cuda_block_shuffle,block_shuffle256,batched_event_per_launch,12,1,100,0.0198217594624,20260829
1024,1024,cuda_warp_register,warp_reg32,batched_event_per_launch,12,2,100,0.0188742399216,20260829
1024,1024,cuda_naive,block_shared256,end_to_end_wall,12,0,1,2.751527,20260829
1024,1024,cuda_block_shuffle,block_shuffle256,end_to_end_wall,12,1,1,2.640589,20260829
1024,1024,cuda_warp_register,warp_reg32,end_to_end_wall,12,2,1,2.500741,20260829
1024,1024,cuda_block_shuffle,block_shuffle256,batched_event_per_launch,13,0,100,0.019979840517,20260829
1024,1024,cuda_warp_register,warp_reg32,batched_event_per_launch,13,1,100,0.0188940799236,20260829
1024,1024,cuda_naive,block_shared256,batched_event_per_launch,13,2,100,0.0217407989502,20260829
1024,1024,cuda_block_shuffle,block_shuffle256,end_to_end_wall,13,0,1,2.797387,20260829
1024,1024,cuda_warp_register,warp_reg32,end_to_end_wall,13,1,1,2.640663,20260829
1024,1024,cuda_naive,block_shared256,end_to_end_wall,13,2,1,2.510108,20260829
1024,1024,cuda_warp_register,warp_reg32,batched_event_per_launch,14,0,100,0.0190467202663,20260829
1024,1024,cuda_naive,block_shared256,batched_event_per_launch,14,1,100,0.0217548799515,20260829
1024,1024,cuda_block_shuffle,block_shuffle256,batched_event_per_launch,14,2,100,0.0198604798317,20260829
1024,1024,cuda_warp_register,warp_reg32,end_to_end_wall,14,0,1,2.790885,20260829
1024,1024,cuda_naive,block_shared256,end_to_end_wall,14,1,1,2.678194,20260829
1024,1024,cuda_block_shuffle,block_shuffle256,end_to_end_wall,14,2,1,2.780679,20260829
1024,1024,cuda_naive,block_shared256,batched_event_per_launch,15,0,100,0.0219238400459,20260829
1024,1024,cuda_block_shuffle,block_shuffle256,batched_event_per_launch,15,1,100,0.0198544001579,20260829
1024,1024,cuda_warp_register,warp_reg32,batched_event_per_launch,15,2,100,0.0189267194271,20260829
1024,1024,cuda_naive,block_shared256,end_to_end_wall,15,0,1,3.367939,20260829
1024,1024,cuda_block_shuffle,block_shuffle256,end_to_end_wall,15,1,1,2.690789,20260829
1024,1024,cuda_warp_register,warp_reg32,end_to_end_wall,15,2,1,2.595702,20260829
1024,1024,cuda_block_shuffle,block_shuffle256,batched_event_per_launch,16,0,100,0.0200156807899,20260829
1024,1024,cuda_warp_register,warp_reg32,batched_event_per_launch,16,1,100,0.0188707196712,20260829
1024,1024,cuda_naive,block_shared256,batched_event_per_launch,16,2,100,0.0217734408379,20260829
1024,1024,cuda_block_shuffle,block_shuffle256,end_to_end_wall,16,0,1,2.908492,20260829
1024,1024,cuda_warp_register,warp_reg32,end_to_end_wall,16,1,1,2.755545,20260829
1024,1024,cuda_naive,block_shared256,end_to_end_wall,16,2,1,2.661649,20260829
1024,1024,cuda_warp_register,warp_reg32,batched_event_per_launch,17,0,100,0.0190115201473,20260829
1024,1024,cuda_naive,block_shared256,batched_event_per_launch,17,1,100,0.0217632007599,20260829
1024,1024,cuda_block_shuffle,block_shuffle256,batched_event_per_launch,17,2,100,0.0198368000984,20260829
1024,1024,cuda_warp_register,warp_reg32,end_to_end_wall,17,0,1,2.86334,20260829
1024,1024,cuda_naive,block_shared256,end_to_end_wall,17,1,1,2.605562,20260829
1024,1024,cuda_block_shuffle,block_shuffle256,end_to_end_wall,17,2,1,2.517346,20260829
1024,1024,cuda_naive,block_shared256,batched_event_per_launch,18,0,100,0.0219011211395,20260829
1024,1024,cuda_block_shuffle,block_shuffle256,batched_event_per_launch,18,1,100,0.0198700797558,20260829
1024,1024,cuda_warp_register,warp_reg32,batched_event_per_launch,18,2,100,0.0188543999195,20260829
1024,1024,cuda_naive,block_shared256,end_to_end_wall,18,0,1,2.795523,20260829
1024,1024,cuda_block_shuffle,block_shuffle256,end_to_end_wall,18,1,1,2.667408,20260829
1024,1024,cuda_warp_register,warp_reg32,end_to_end_wall,18,2,1,2.546232,20260829
1024,1024,cuda_block_shuffle,block_shuffle256,batched_event_per_launch,19,0,100,0.0200057601929,20260829
1024,1024,cuda_warp_register,warp_reg32,batched_event_per_launch,19,1,100,0.0188927996159,20260829
1024,1024,cuda_naive,block_shared256,batched_event_per_launch,19,2,100,0.0217404794693,20260829
1024,1024,cuda_block_shuffle,block_shuffle256,end_to_end_wall,19,0,1,2.817159,20260829
1024,1024,cuda_warp_register,warp_reg32,end_to_end_wall,19,1,1,2.662722,20260829
1024,1024,cuda_naive,block_shared256,end_to_end_wall,19,2,1,2.566563,20260829
1024,1024,cuda_warp_register,warp_reg32,batched_event_per_launch,20,0,100,0.0190175998211,20260829
1024,1024,cuda_naive,block_shared256,batched_event_per_launch,20,1,100,0.0217798399925,20260829
1024,1024,cuda_block_shuffle,block_shuffle256,batched_event_per_launch,20,2,100,0.0198611199856,20260829
1024,1024,cuda_warp_register,warp_reg32,end_to_end_wall,20,0,1,2.856589,20260829
1024,1024,cuda_naive,block_shared256,end_to_end_wall,20,1,1,2.646576,20260829
1024,1024,cuda_block_shuffle,block_shuffle256,end_to_end_wall,20,2,1,2.548671,20260829
1024,2048,cuda_naive,block_shared256,batched_event_per_launch,0,0,100,0.0419625616074,20260829
1024,2048,cuda_block_shuffle,block_shuffle256,batched_event_per_launch,0,1,100,0.0415231990814,20260829
1024,2048,cuda_warp_register,block_shuffle256_fallback,batched_event_per_launch,0,2,100,0.0414524793625,20260829
1024,2048,cuda_naive,block_shared256,end_to_end_wall,0,0,1,5.232029,20260829
1024,2048,cuda_block_shuffle,block_shuffle256,end_to_end_wall,0,1,1,5.045374,20260829
1024,2048,cuda_warp_register,block_shuffle256_fallback,end_to_end_wall,0,2,1,4.93579,20260829
1024,2048,cuda_block_shuffle,block_shuffle256,batched_event_per_launch,1,0,100,0.0417817592621,20260829
1024,2048,cuda_warp_register,block_shuffle256_fallback,batched_event_per_launch,1,1,100,0.0414815998077,20260829
1024,2048,cuda_naive,block_shared256,batched_event_per_launch,1,2,100,0.0417177581787,20260829
1024,2048,cuda_block_shuffle,block_shuffle256,end_to_end_wall,1,0,1,5.230259,20260829
1024,2048,cuda_warp_register,block_shuffle256_fallback,end_to_end_wall,1,1,1,5.049745,20260829
1024,2048,cuda_naive,block_shared256,end_to_end_wall,1,2,1,4.971849,20260829
1024,2048,cuda_warp_register,block_shuffle256_fallback,batched_event_per_launch,2,0,100,0.0417750406265,20260829
1024,2048,cuda_naive,block_shared256,batched_event_per_launch,2,1,100,0.041697602272,20260829
1024,2048,cuda_block_shuffle,block_shuffle256,batched_event_per_launch,2,2,100,0.041596159935,20260829
1024,2048,cuda_warp_register,block_shuffle256_fallback,end_to_end_wall,2,0,1,5.241165,20260829
1024,2048,cuda_naive,block_shared256,end_to_end_wall,2,1,1,5.061491,20260829
1024,2048,cuda_block_shuffle,block_shuffle256,end_to_end_wall,2,2,1,5.00527,20260829
1024,2048,cuda_naive,block_shared256,batched_event_per_launch,3,0,100,0.041968960762,20260829
1024,2048,cuda_block_shuffle,block_shuffle256,batched_event_per_launch,3,1,100,0.0415507221222,20260829
1024,2048,cuda_warp_register,block_shuffle256_fallback,batched_event_per_launch,3,2,100,0.041471362114,20260829
1024,2048,cuda_naive,block_shared256,end_to_end_wall,3,0,1,5.252798,20260829
1024,2048,cuda_block_shuffle,block_shuffle256,end_to_end_wall,3,1,1,5.07714,20260829
1024,2048,cuda_warp_register,block_shuffle256_fallback,end_to_end_wall,3,2,1,5.01015,20260829
1024,2048,cuda_block_shuffle,block_shuffle256,batched_event_per_launch,4,0,100,0.0418166399002,20260829
1024,2048,cuda_warp_register,block_shuffle256_fallback,batched_event_per_launch,4,1,100,0.0415446376801,20260829
1024,2048,cuda_naive,block_shared256,batched_event_per_launch,4,2,100,0.0417052793503,20260829
1024,2048,cuda_block_shuffle,block_shuffle256,end_to_end_wall,4,0,1,5.448112,20260829
1024,2048,cuda_warp_register,block_shuffle256_fallback,end_to_end_wall,4,1,1,5.114564,20260829
1024,2048,cuda_naive,block_shared256,end_to_end_wall,4,2,1,4.946973,20260829
1024,2048,cuda_warp_register,block_shuffle256_fallback,batched_event_per_launch,5,0,100,0.0417753601074,20260829
1024,2048,cuda_naive,block_shared256,batched_event_per_launch,5,1,100,0.041691198349,20260829
1024,2048,cuda_block_shuffle,block_shuffle256,batched_event_per_launch,5,2,100,0.041501121521,20260829
1024,2048,cuda_warp_register,block_shuffle256_fallback,end_to_end_wall,5,0,1,5.137488,20260829
1024,2048,cuda_naive,block_shared256,end_to_end_wall,5,1,1,4.89669,20260829
1024,2048,cuda_block_shuffle,block_shuffle256,end_to_end_wall,5,2,1,4.861325,20260829
1024,2048,cuda_naive,block_shared256,batched_event_per_launch,6,0,100,0.0419436788559,20260829
1024,2048,cuda_block_shuffle,block_shuffle256,batched_event_per_launch,6,1,100,0.0415503978729,20260829
1024,2048,cuda_warp_register,block_shuffle256_fallback,batched_event_per_launch,6,2,100,0.0415123176575,20260829
1024,2048,cuda_naive,block_shared256,end_to_end_wall,6,0,1,5.089636,20260829
1024,2048,cuda_block_shuffle,block_shuffle256,end_to_end_wall,6,1,1,4.855691,20260829
1024,2048,cuda_warp_register,block_shuffle256_fallback,end_to_end_wall,6,2,1,4.802273,20260829
1024,2048,cuda_block_shuffle,block_shuffle256,batched_event_per_launch,7,0,100,0.0417609596252,20260829
1024,2048,cuda_warp_register,block_shuffle256_fallback,batched_event_per_launch,7,1,100,0.0415244817734,20260829
1024,2048,cuda_naive,block_shared256,batched_event_per_launch,7,2,100,0.0417177581787,20260829
1024,2048,cuda_block_shuffle,block_shuffle256,end_to_end_wall,7,0,1,4.970637,20260829
1024,2048,cuda_warp_register,block_shuffle256_fallback,end_to_end_wall,7,1,1,4.704404,20260829
1024,2048,cuda_naive,block_shared256,end_to_end_wall,7,2,1,4.447189,20260829
1024,2048,cuda_warp_register,block_shuffle256_fallback,batched_event_per_launch,8,0,100,0.0417727994919,20260829
1024,2048,cuda_naive,block_shared256,batched_event_per_launch,8,1,100,0.0416547203064,20260829
1024,2048,cuda_block_shuffle,block_shuffle256,batched_event_per_launch,8,2,100,0.0415139198303,20260829
1024,2048,cuda_warp_register,block_shuffle256_fallback,end_to_end_wall,8,0,1,4.815864,20260829
1024,2048,cuda_naive,block_shared256,end_to_end_wall,8,1,1,4.476071,20260829
1024,2048,cuda_block_shuffle,block_shuffle256,end_to_end_wall,8,2,1,4.417805,20260829
1024,2048,cuda_naive,block_shared256,batched_event_per_launch,9,0,100,0.0419142389297,20260829
1024,2048,cuda_block_shuffle,block_shuffle256,batched_event_per_launch,9,1,100,0.0415004777908,20260829
1024,2048,cuda_warp_register,block_shuffle256_fallback,batched_event_per_launch,9,2,100,0.041529917717,20260829
1024,2048,cuda_naive,block_shared256,end_to_end_wall,9,0,1,4.820509,20260829
1024,2048,cuda_block_shuffle,block_shuffle256,end_to_end_wall,9,1,1,4.576435,20260829
1024,2048,cuda_warp_register,block_shuffle256_fallback,end_to_end_wall,9,2,1,4.458516,20260829
1024,2048,cuda_block_shuffle,block_shuffle256,batched_event_per_launch,10,0,100,0.0417721605301,20260829
1024,2048,cuda_warp_register,block_shuffle256_fallback,batched_event_per_launch,10,1,100,0.0415228796005,20260829
1024,2048,cuda_naive,block_shared256,batched_event_per_launch,10,2,100,0.0416595220566,20260829
1024,2048,cuda_block_shuffle,block_shuffle256,end_to_end_wall,10,0,1,4.859077,20260829
1024,2048,cuda_warp_register,block_shuffle256_fallback,end_to_end_wall,10,1,1,4.568576,20260829
1024,2048,cuda_naive,block_shared256,end_to_end_wall,10,2,1,4.422171,20260829
1024,2048,cuda_warp_register,block_shuffle256_fallback,batched_event_per_launch,11,0,100,0.0416956806183,20260829
1024,2048,cuda_naive,block_shared256,batched_event_per_launch,11,1,100,0.0417712020874,20260829
1024,2048,cuda_block_shuffle,block_shuffle256,batched_event_per_launch,11,2,100,0.0415644788742,20260829
1024,2048,cuda_warp_register,block_shuffle256_fallback,end_to_end_wall,11,0,1,6.122347,20260829
1024,2048,cuda_naive,block_shared256,end_to_end_wall,11,1,1,5.004057,20260829
1024,2048,cuda_block_shuffle,block_shuffle256,end_to_end_wall,11,2,1,4.805414,20260829
1024,2048,cuda_naive,block_shared256,batched_event_per_launch,12,0,100,0.0419123220444,20260829
1024,2048,cuda_block_shuffle,block_shuffle256,batched_event_per_launch,12,1,100,0.0415430402756,20260829
1024,2048,cuda_warp_register,block_shuffle256_fallback,batched_event_per_launch,12,2,100,0.0415273618698,20260829
1024,2048,cuda_naive,block_shared256,end_to_end_wall,12,0,1,5.157322,20260829
1024,2048,cuda_block_shuffle,block_shuffle256,end_to_end_wall,12,1,1,6.206328,20260829
1024,2048,cuda_warp_register,block_shuffle256_fallback,end_to_end_wall,12,2,1,5.035281,20260829
1024,2048,cuda_block_shuffle,block_shuffle256,batched_event_per_launch,13,0,100,0.0418505620956,20260829
1024,2048,cuda_warp_register,block_shuffle256_fallback,batched_event_per_launch,13,1,100,0.0416460800171,20260829
1024,2048,cuda_naive,block_shared256,batched_event_per_launch,13,2,100,0.0417129611969,20260829
1024,2048,cuda_block_shuffle,block_shuffle256,end_to_end_wall,13,0,1,4.969302,20260829
1024,2048,cuda_warp_register,block_shuffle256_fallback,end_to_end_wall,13,1,1,4.83259,20260829
1024,2048,cuda_naive,block_shared256,end_to_end_wall,13,2,1,4.658314,20260829
1024,2048,cuda_warp_register,block_shuffle256_fallback,batched_event_per_launch,14,0,100,0.0418294382095,20260829
1024,2048,cuda_naive,block_shared256,batched_event_per_launch,14,1,100,0.0416310405731,20260829
1024,2048,cuda_block_shuffle,block_shuffle256,batched_event_per_launch,14,2,100,0.0415763187408,20260829
1024,2048,cuda_warp_register,block_shuffle256_fallback,end_to_end_wall,14,0,1,4.709113,20260829
1024,2048,cuda_naive,block_shared256,end_to_end_wall,14,1,1,4.509095,20260829
1024,2048,cuda_block_shuffle,block_shuffle256,end_to_end_wall,14,2,1,4.344282,20260829
1024,2048,cuda_naive,block_shared256,batched_event_per_launch,15,0,100,0.0419209623337,20260829
1024,2048,cuda_block_shuffle,block_shuffle256,batched_event_per_launch,15,1,100,0.0415126419067,20260829
1024,2048,cuda_warp_register,block_shuffle256_fallback,batched_event_per_launch,15,2,100,0.0414636802673,20260829
1024,2048,cuda_naive,block_shared256,end_to_end_wall,15,0,1,4.612063,20260829
1024,2048,cuda_block_shuffle,block_shuffle256,end_to_end_wall,15,1,1,4.394099,20260829
1024,2048,cuda_warp_register,block_shuffle256_fallback,end_to_end_wall,15,2,1,4.338923,20260829
1024,2048,cuda_block_shuffle,block_shuffle256,batched_event_per_launch,16,0,100,0.0417705583572,20260829
1024,2048,cuda_warp_register,block_shuffle256_fallback,batched_event_per_launch,16,1,100,0.0414595222473,20260829
1024,2048,cuda_naive,block_shared256,batched_event_per_launch,16,2,100,0.0417859220505,20260829
1024,2048,cuda_block_shuffle,block_shuffle256,end_to_end_wall,16,0,1,4.628834,20260829
1024,2048,cuda_warp_register,block_shuffle256_fallback,end_to_end_wall,16,1,1,4.457217,20260829
1024,2048,cuda_naive,block_shared256,end_to_end_wall,16,2,1,4.372012,20260829
1024,2048,cuda_warp_register,block_shuffle256_fallback,batched_event_per_launch,17,0,100,0.0417488002777,20260829
1024,2048,cuda_naive,block_shared256,batched_event_per_launch,17,1,100,0.0416982412338,20260829
1024,2048,cuda_block_shuffle,block_shuffle256,batched_event_per_launch,17,2,100,0.0415583992004,20260829
1024,2048,cuda_warp_register,block_shuffle256_fallback,end_to_end_wall,17,0,1,5.925656,20260829
1024,2048,cuda_naive,block_shared256,end_to_end_wall,17,1,1,4.447051,20260829
1024,2048,cuda_block_shuffle,block_shuffle256,end_to_end_wall,17,2,1,4.549946,20260829
1024,2048,cuda_naive,block_shared256,batched_event_per_launch,18,0,100,0.0419708776474,20260829
1024,2048,cuda_block_shuffle,block_shuffle256,batched_event_per_launch,18,1,100,0.0414300823212,20260829
1024,2048,cuda_warp_register,block_shuffle256_fallback,batched_event_per_launch,18,2,100,0.0415804815292,20260829
1024,2048,cuda_naive,block_shared256,end_to_end_wall,18,0,1,4.941815,20260829
1024,2048,cuda_block_shuffle,block_shuffle256,end_to_end_wall,18,1,1,4.44046,20260829
1024,2048,cuda_warp_register,block_shuffle256_fallback,end_to_end_wall,18,2,1,4.428065,20260829
1024,2048,cuda_block_shuffle,block_shuffle256,batched_event_per_launch,19,0,100,0.0418124818802,20260829
1024,2048,cuda_warp_register,block_shuffle256_fallback,batched_event_per_launch,19,1,100,0.0414758396149,20260829
1024,2048,cuda_naive,block_shared256,batched_event_per_launch,19,2,100,0.0417759990692,20260829
1024,2048,cuda_block_shuffle,block_shuffle256,end_to_end_wall,19,0,1,4.912725,20260829
1024,2048,cuda_warp_register,block_shuffle256_fallback,end_to_end_wall,19,1,1,4.742764,20260829
1024,2048,cuda_naive,block_shared256,end_to_end_wall,19,2,1,4.828777,20260829
1024,2048,cuda_warp_register,block_shuffle256_fallback,batched_event_per_launch,20,0,100,0.0418192005157,20260829
1024,2048,cuda_naive,block_shared256,batched_event_per_launch,20,1,100,0.0417638397217,20260829
1024,2048,cuda_block_shuffle,block_shuffle256,batched_event_per_launch,20,2,100,0.0415379190445,20260829
1024,2048,cuda_warp_register,block_shuffle256_fallback,end_to_end_wall,20,0,1,5.154925,20260829
1024,2048,cuda_naive,block_shared256,end_to_end_wall,20,1,1,4.955492,20260829
1024,2048,cuda_block_shuffle,block_shuffle256,end_to_end_wall,20,2,1,4.922816,20260829
1024,4097,cuda_naive,block_shared256,batched_event_per_launch,0,0,100,0.155639362335,20260829
1024,4097,cuda_block_shuffle,block_shuffle256,batched_event_per_launch,0,1,100,0.154510717392,20260829
1024,4097,cuda_warp_register,block_shuffle256_fallback,batched_event_per_launch,0,2,100,0.154518718719,20260829
1024,4097,cuda_naive,block_shared256,end_to_end_wall,0,0,1,10.443389,20260829
1024,4097,cuda_block_shuffle,block_shuffle256,end_to_end_wall,0,1,1,10.940553,20260829
1024,4097,cuda_warp_register,block_shuffle256_fallback,end_to_end_wall,0,2,1,10.078838,20260829
1024,4097,cuda_block_shuffle,block_shuffle256,batched_event_per_launch,1,0,100,0.155073919296,20260829
1024,4097,cuda_warp_register,block_shuffle256_fallback,batched_event_per_launch,1,1,100,0.15413599968,20260829
1024,4097,cuda_naive,block_shared256,batched_event_per_launch,1,2,100,0.155796804428,20260829
1024,4097,cuda_block_shuffle,block_shuffle256,end_to_end_wall,1,0,1,10.213853,20260829
1024,4097,cuda_warp_register,block_shuffle256_fallback,end_to_end_wall,1,1,1,10.123834,20260829
1024,4097,cuda_naive,block_shared256,end_to_end_wall,1,2,1,10.078686,20260829
1024,4097,cuda_warp_register,block_shuffle256_fallback,batched_event_per_launch,2,0,100,0.155512962341,20260829
1024,4097,cuda_naive,block_shared256,batched_event_per_launch,2,1,100,0.155617275238,20260829
1024,4097,cuda_block_shuffle,block_shuffle256,batched_event_per_launch,2,2,100,0.154885444641,20260829
1024,4097,cuda_warp_register,block_shuffle256_fallback,end_to_end_wall,2,0,1,10.493766,20260829
1024,4097,cuda_naive,block_shared256,end_to_end_wall,2,1,1,9.518491,20260829
1024,4097,cuda_block_shuffle,block_shuffle256,end_to_end_wall,2,2,1,9.510575,20260829
1024,4097,cuda_naive,block_shared256,batched_event_per_launch,3,0,100,0.156075201035,20260829
1024,4097,cuda_block_shuffle,block_shuffle256,batched_event_per_launch,3,1,100,0.154343357086,20260829
1024,4097,cuda_warp_register,block_shuffle256_fallback,batched_event_per_launch,3,2,100,0.154995517731,20260829
1024,4097,cuda_naive,block_shared256,end_to_end_wall,3,0,1,10.091975,20260829
1024,4097,cuda_block_shuffle,block_shuffle256,end_to_end_wall,3,1,1,10.073211,20260829
1024,4097,cuda_warp_register,block_shuffle256_fallback,end_to_end_wall,3,2,1,9.948769,20260829
1024,4097,cuda_block_shuffle,block_shuffle256,batched_event_per_launch,4,0,100,0.154965438843,20260829
1024,4097,cuda_warp_register,block_shuffle256_fallback,batched_event_per_launch,4,1,100,0.154442558289,20260829
1024,4097,cuda_naive,block_shared256,batched_event_per_launch,4,2,100,0.155519361496,20260829
1024,4097,cuda_block_shuffle,block_shuffle256,end_to_end_wall,4,0,1,10.186507,20260829
1024,4097,cuda_warp_register,block_shuffle256_fallback,end_to_end_wall,4,1,1,10.043445,20260829
1024,4097,cuda_naive,block_shared256,end_to_end_wall,4,2,1,10.008182,20260829
1024,4097,cuda_warp_register,block_shuffle256_fallback,batched_event_per_launch,5,0,100,0.155072641373,20260829
1024,4097,cuda_naive,block_shared256,batched_event_per_launch,5,1,100,0.155335683823,20260829
1024,4097,cuda_block_shuffle,block_shuffle256,batched_event_per_launch,5,2,100,0.154795198441,20260829
1024,4097,cuda_warp_register,block_shuffle256_fallback,end_to_end_wall,5,0,1,10.035358,20260829
1024,4097,cuda_naive,block_shared256,end_to_end_wall,5,1,1,9.767899,20260829
1024,4097,cuda_block_shuffle,block_shuffle256,end_to_end_wall,5,2,1,9.885159,20260829
1024,4097,cuda_naive,block_shared256,batched_event_per_launch,6,0,100,0.156025600433,20260829
1024,4097,cuda_block_shuffle,block_shuffle256,batched_event_per_launch,6,1,100,0.154504642487,20260829
1024,4097,cuda_warp_register,block_shuffle256_fallback,batched_event_per_launch,6,2,100,0.154377279282,20260829
1024,4097,cuda_naive,block_shared256,end_to_end_wall,6,0,1,9.911915,20260829
1024,4097,cuda_block_shuffle,block_shuffle256,end_to_end_wall,6,1,1,9.333432,20260829
1024,4097,cuda_warp_register,block_shuffle256_fallback,end_to_end_wall,6,2,1,9.23634,20260829
1024,4097,cuda_block_shuffle,block_shuffle256,batched_event_per_launch,7,0,100,0.155023679733,20260829
1024,4097,cuda_warp_register,block_shuffle256_fallback,batched_event_per_launch,7,1,100,0.154426555634,20260829
1024,4097,cuda_naive,block_shared256,batched_event_per_launch,7,2,100,0.155648317337,20260829
1024,4097,cuda_block_shuffle,block_shuffle256,end_to_end_wall,7,0,1,9.999253,20260829
1024,4097,cuda_warp_register,block_shuffle256_fallback,end_to_end_wall,7,1,1,9.799724,20260829
1024,4097,cuda_naive,block_shared256,end_to_end_wall,7,2,1,9.722817,20260829
1024,4097,cuda_warp_register,block_shuffle256_fallback,batched_event_per_launch,8,0,100,0.155029439926,20260829
1024,4097,cuda_naive,block_shared256,batched_event_per_launch,8,1,100,0.155466880798,20260829
1024,4097,cuda_block_shuffle,block_shuffle256,batched_event_per_launch,8,2,100,0.154743041992,20260829
1024,4097,cuda_warp_register,block_shuffle256_fallback,end_to_end_wall,8,0,1,9.901544,20260829
1024,4097,cuda_naive,block_shared256,end_to_end_wall,8,1,1,9.81568,20260829
1024,4097,cuda_block_shuffle,block_shuffle256,end_to_end_wall,8,2,1,9.735979,20260829
1024,4097,cuda_naive,block_shared256,batched_event_per_launch,9,0,100,0.15587264061,20260829
1024,4097,cuda_block_shuffle,block_shuffle256,batched_event_per_launch,9,1,100,0.154441604614,20260829
1024,4097,cuda_warp_register,block_shuffle256_fallback,batched_event_per_launch,9,2,100,0.154411201477,20260829
1024,4097,cuda_naive,block_shared256,end_to_end_wall,9,0,1,10.176566,20260829
1024,4097,cuda_block_shuffle,block_shuffle256,end_to_end_wall,9,1,1,9.773197,20260829
1024,4097,cuda_warp_register,block_shuffle256_fallback,end_to_end_wall,9,2,1,9.710209,20260829
1024,4097,cuda_block_shuffle,block_shuffle256,batched_event_per_launch,10,0,100,0.154915838242,20260829
1024,4097,cuda_warp_register,block_shuffle256_fallback,batched_event_per_launch,10,1,100,0.154512643814,20260829
1024,4097,cuda_naive,block_shared256,batched_event_per_launch,10,2,100,0.155505924225,20260829
1024,4097,cuda_block_shuffle,block_shuffle256,end_to_end_wall,10,0,1,10.181321,20260829
1024,4097,cuda_warp_register,block_shuffle256_fallback,end_to_end_wall,10,1,1,9.680987,20260829
1024,4097,cuda_naive,block_shared256,end_to_end_wall,10,2,1,9.359796,20260829
1024,4097,cuda_warp_register,block_shuffle256_fallback,batched_event_per_launch,11,0,100,0.155097284317,20260829
1024,4097,cuda_naive,block_shared256,batched_event_per_launch,11,1,100,0.155313282013,20260829
1024,4097,cuda_block_shuffle,block_shuffle256,batched_event_per_launch,11,2,100,0.154596796036,20260829
1024,4097,cuda_warp_register,block_shuffle256_fallback,end_to_end_wall,11,0,1,10.148037,20260829
1024,4097,cuda_naive,block_shared256,end_to_end_wall,11,1,1,9.899923,20260829
1024,4097,cuda_block_shuffle,block_shuffle256,end_to_end_wall,11,2,1,9.816566,20260829
1024,4097,cuda_naive,block_shared256,batched_event_per_launch,12,0,100,0.155875520706,20260829
1024,4097,cuda_block_shuffle,block_shuffle256,batched_event_per_launch,12,1,100,0.154478082657,20260829
1024,4097,cuda_warp_register,block_shuffle256_fallback,batched_event_per_launch,12,2,100,0.154789438248,20260829
1024,4097,cuda_naive,block_shared256,end_to_end_wall,12,0,1,9.934734,20260829
1024,4097,cuda_block_shuffle,block_shuffle256,end_to_end_wall,12,1,1,9.589253,20260829
1024,4097,cuda_warp_register,block_shuffle256_fallback,end_to_end_wall,12,2,1,9.575173,20260829
1024,4097,cuda_block_shuffle,block_shuffle256,batched_event_per_launch,13,0,100,0.155335035324,20260829
1024,4097,cuda_warp_register,block_shuffle256_fallback,batched_event_per_launch,13,1,100,0.154276800156,20260829
1024,4097,cuda_naive,block_shared256,batched_event_per_launch,13,2,100,0.155864639282,20260829
1024,4097,cuda_block_shuffle,block_shuffle256,end_to_end_wall,13,0,1,10.344163,20260829
1024,4097,cuda_warp_register,block_shuffle256_fallback,end_to_end_wall,13,1,1,10.072704,20260829
1024,4097,cuda_naive,block_shared256,end_to_end_wall,13,2,1,10.27124,20260829
1024,4097,cuda_warp_register,block_shuffle256_fallback,batched_event_per_launch,14,0,100,0.154829120636,20260829
1024,4097,cuda_naive,block_shared256,batched_event_per_launch,14,1,100,0.155372800827,20260829
1024,4097,cuda_block_shuffle,block_shuffle256,batched_event_per_launch,14,2,100,0.154416322708,20260829
1024,4097,cuda_warp_register,block_shuffle256_fallback,end_to_end_wall,14,0,1,10.584438,20260829
1024,4097,cuda_naive,block_shared256,end_to_end_wall,14,1,1,10.120007,20260829
1024,4097,cuda_block_shuffle,block_shuffle256,end_to_end_wall,14,2,1,9.882274,20260829
1024,4097,cuda_naive,block_shared256,batched_event_per_launch,15,0,100,0.156011199951,20260829
1024,4097,cuda_block_shuffle,block_shuffle256,batched_event_per_launch,15,1,100,0.154401597977,20260829
1024,4097,cuda_warp_register,block_shuffle256_fallback,batched_event_per_launch,15,2,100,0.154628801346,20260829
1024,4097,cuda_naive,block_shared256,end_to_end_wall,15,0,1,10.096328,20260829
1024,4097,cuda_block_shuffle,block_shuffle256,end_to_end_wall,15,1,1,9.843729,20260829
1024,4097,cuda_warp_register,block_shuffle256_fallback,end_to_end_wall,15,2,1,9.904097,20260829
1024,4097,cuda_block_shuffle,block_shuffle256,batched_event_per_launch,16,0,100,0.154868164063,20260829
1024,4097,cuda_warp_register,block_shuffle256_fallback,batched_event_per_launch,16,1,100,0.154558401108,20260829
1024,4097,cuda_naive,block_shared256,batched_event_per_launch,16,2,100,0.155442876816,20260829
1024,4097,cuda_block_shuffle,block_shuffle256,end_to_end_wall,16,0,1,10.335747,20260829
1024,4097,cuda_warp_register,block_shuffle256_fallback,end_to_end_wall,16,1,1,9.991915,20260829
1024,4097,cuda_naive,block_shared256,end_to_end_wall,16,2,1,9.910724,20260829
1024,4097,cuda_warp_register,block_shuffle256_fallback,batched_event_per_launch,17,0,100,0.154978561401,20260829
1024,4097,cuda_naive,block_shared256,batched_event_per_launch,17,1,100,0.155361604691,20260829
1024,4097,cuda_block_shuffle,block_shuffle256,batched_event_per_launch,17,2,100,0.154614400864,20260829
1024,4097,cuda_warp_register,block_shuffle256_fallback,end_to_end_wall,17,0,1,10.1198,20260829
1024,4097,cuda_naive,block_shared256,end_to_end_wall,17,1,1,10.514424,20260829
1024,4097,cuda_block_shuffle,block_shuffle256,end_to_end_wall,17,2,1,9.912128,20260829
1024,4097,cuda_naive,block_shared256,batched_event_per_launch,18,0,100,0.156045761108,20260829
1024,4097,cuda_block_shuffle,block_shuffle256,batched_event_per_launch,18,1,100,0.154417276382,20260829
1024,4097,cuda_warp_register,block_shuffle256_fallback,batched_event_per_launch,18,2,100,0.154605436325,20260829
1024,4097,cuda_naive,block_shared256,end_to_end_wall,18,0,1,10.154359,20260829
1024,4097,cuda_block_shuffle,block_shuffle256,end_to_end_wall,18,1,1,9.933145,20260829
1024,4097,cuda_warp_register,block_shuffle256_fallback,end_to_end_wall,18,2,1,9.909508,20260829
1024,4097,cuda_block_shuffle,block_shuffle256,batched_event_per_launch,19,0,100,0.155194559097,20260829
1024,4097,cuda_warp_register,block_shuffle256_fallback,batched_event_per_launch,19,1,100,0.154393920898,20260829
1024,4097,cuda_naive,block_shared256,batched_event_per_launch,19,2,100,0.155742721558,20260829
1024,4097,cuda_block_shuffle,block_shuffle256,end_to_end_wall,19,0,1,10.076498,20260829
1024,4097,cuda_warp_register,block_shuffle256_fallback,end_to_end_wall,19,1,1,9.965732,20260829
1024,4097,cuda_naive,block_shared256,end_to_end_wall,19,2,1,9.920438,20260829
1024,4097,cuda_warp_register,block_shuffle256_fallback,batched_event_per_launch,20,0,100,0.154956483841,20260829
1024,4097,cuda_naive,block_shared256,batched_event_per_launch,20,1,100,0.155661764145,20260829
1024,4097,cuda_block_shuffle,block_shuffle256,batched_event_per_launch,20,2,100,0.154560956955,20260829
1024,4097,cuda_warp_register,block_shuffle256_fallback,end_to_end_wall,20,0,1,10.18124,20260829
1024,4097,cuda_naive,block_shared256,end_to_end_wall,20,1,1,10.042853,20260829
1024,4097,cuda_block_shuffle,block_shuffle256,end_to_end_wall,20,2,1,9.803637,20260829
