rows,cols,implementation,dispatch,scope,median_ms,min_ms,max_ms,baseline_speedup,max_abs_error,atol,rtol,warmup,repeats,launches,seed,correctness
1,128,cuda_naive,block_shared256,batched_event_per_launch,0.00306015998125,0.00305184006691,0.00309248000383,1,5.58793544769e-09,2e-6,2e-5,5,21,100,20260829,PASS
1,128,cuda_block_shuffle,block_shuffle256,batched_event_per_launch,0.00254783987999,0.00252799987793,0.00261536002159,1.20108017984,1.86264514923e-09,2e-6,2e-5,5,21,100,20260829,PASS
1,128,cuda_warp_register,warp_reg4,batched_event_per_launch,0.00238207995892,0.00236064001918,0.00242111995816,1.28465879988,1.86264514923e-09,2e-6,2e-5,5,21,100,20260829,PASS
1,128,cuda_naive,block_shared256,end_to_end_wall,0.022989,0.021504,0.031758,1,5.58793544769e-09,2e-6,2e-5,5,21,1,20260829,PASS
1,128,cuda_block_shuffle,block_shuffle256,end_to_end_wall,0.022143,0.020916,0.030324,1.03820620512,1.86264514923e-09,2e-6,2e-5,5,21,1,20260829,PASS
1,128,cuda_warp_register,warp_reg4,end_to_end_wall,0.022553,0.021026,0.031967,1.01933223961,1.86264514923e-09,2e-6,2e-5,5,21,1,20260829,PASS
7,37,cuda_naive,block_shared256,batched_event_per_launch,0.00309024006128,0.00308160007,0.0031107199192,1,1.49011611938e-08,2e-6,2e-5,5,21,100,20260829,PASS
7,37,cuda_block_shuffle,block_shuffle256,batched_event_per_launch,0.00258047997952,0.00256671994925,0.00263680011034,1.19754467611,1.49011611938e-08,2e-6,2e-5,5,21,100,20260829,PASS
7,37,cuda_warp_register,warp_reg4,batched_event_per_launch,0.00228832006454,0.00227807998657,0.00231872007251,1.35044048652,1.49011611938e-08,2e-6,2e-5,5,21,100,20260829,PASS
7,37,cuda_naive,block_shared256,end_to_end_wall,0.02457,0.023665,0.026882,1,1.49011611938e-08,2e-6,2e-5,5,21,1,20260829,PASS
7,37,cuda_block_shuffle,block_shuffle256,end_to_end_wall,0.024118,0.023128,0.037191,1.01874118915,1.49011611938e-08,2e-6,2e-5,5,21,1,20260829,PASS
7,37,cuda_warp_register,warp_reg4,end_to_end_wall,0.024173,0.022796,0.030232,1.01642328217,1.49011611938e-08,2e-6,2e-5,5,21,1,20260829,PASS
1024,128,cuda_naive,block_shared256,batched_event_per_launch,0.0108863997459,0.010860799551,0.0109158396721,1,7.45058059692e-09,2e-6,2e-5,5,21,100,20260829,PASS
1024,128,cuda_block_shuffle,block_shuffle256,batched_event_per_launch,0.00591584026814,0.00589760005474,0.00607583999634,1.84021191454,7.45058059692e-09,2e-6,2e-5,5,21,100,20260829,PASS
1024,128,cuda_warp_register,warp_reg4,batched_event_per_launch,0.00288832008839,0.00287903994322,0.00298976004124,3.76911125249,7.45058059692e-09,2e-6,2e-5,5,21,100,20260829,PASS
1024,128,cuda_naive,block_shared256,end_to_end_wall,0.354774,0.340394,0.400498,1,7.45058059692e-09,2e-6,2e-5,5,21,1,20260829,PASS
1024,128,cuda_block_shuffle,block_shuffle256,end_to_end_wall,0.348295,0.340227,0.364833,1.01860204712,7.45058059692e-09,2e-6,2e-5,5,21,1,20260829,PASS
1024,128,cuda_warp_register,warp_reg4,end_to_end_wall,0.344226,0.335503,0.408274,1.03064265918,7.45058059692e-09,2e-6,2e-5,5,21,1,20260829,PASS
1024,257,cuda_naive,block_shared256,batched_event_per_launch,0.0117635202408,0.0117468798161,0.011837439537,1,3.72529029846e-09,2e-6,2e-5,5,21,100,20260829,PASS
1024,257,cuda_block_shuffle,block_shuffle256,batched_event_per_launch,0.00710976004601,0.00707231998444,0.00715807974339,1.65455938944,3.72529029846e-09,2e-6,2e-5,5,21,100,20260829,PASS
1024,257,cuda_warp_register,warp_reg16,batched_event_per_launch,0.00419936001301,0.00419295996428,0.00429567992687,2.80126500332,3.72529029846e-09,2e-6,2e-5,5,21,100,20260829,PASS
1024,257,cuda_naive,block_shared256,end_to_end_wall,0.870733,0.851053,1.078515,1,3.72529029846e-09,2e-6,2e-5,5,21,1,20260829,PASS
1024,257,cuda_block_shuffle,block_shuffle256,end_to_end_wall,0.870271,0.859589,1.07986,1.00053086912,3.72529029846e-09,2e-6,2e-5,5,21,1,20260829,PASS
1024,257,cuda_warp_register,warp_reg16,end_to_end_wall,0.872693,0.84857,1.207043,0.997754078467,3.72529029846e-09,2e-6,2e-5,5,21,1,20260829,PASS
1024,512,cuda_naive,block_shared256,batched_event_per_launch,0.012502720356,0.012477439642,0.0126038396358,1,1.86264514923e-09,2e-6,2e-5,5,21,100,20260829,PASS
1024,512,cuda_block_shuffle,block_shuffle256,batched_event_per_launch,0.00775712013245,0.00772960007191,0.00786207973957,1.61177346006,1.86264514923e-09,2e-6,2e-5,5,21,100,20260829,PASS
1024,512,cuda_warp_register,warp_reg16,batched_event_per_launch,0.00518912017345,0.00517216026783,0.00529856026173,2.40941044687,1.86264514923e-09,2e-6,2e-5,5,21,100,20260829,PASS
1024,512,cuda_naive,block_shared256,end_to_end_wall,1.070556,1.055638,1.161119,1,1.86264514923e-09,2e-6,2e-5,5,21,1,20260829,PASS
1024,512,cuda_block_shuffle,block_shuffle256,end_to_end_wall,1.068444,1.038451,1.16208,1.00197670631,1.86264514923e-09,2e-6,2e-5,5,21,1,20260829,PASS
1024,512,cuda_warp_register,warp_reg16,end_to_end_wall,1.067503,1.04792,1.256619,1.00285994512,1.86264514923e-09,2e-6,2e-5,5,21,1,20260829,PASS
1024,1024,cuda_naive,block_shared256,batched_event_per_launch,0.0217798399925,0.0217404794693,0.0219238400459,1,9.31322574615e-10,2e-6,2e-5,5,21,100,20260829,PASS
1024,1024,cuda_block_shuffle,block_shuffle256,batched_event_per_launch,0.0198604798317,0.0198217594624,0.0200156807899,1.09664218474,9.31322574615e-10,2e-6,2e-5,5,21,100,20260829,PASS
1024,1024,cuda_warp_register,warp_reg32,batched_event_per_launch,0.0188947200775,0.0188479995728,0.0190467202663,1.15269450424,9.31322574615e-10,2e-6,2e-5,5,21,100,20260829,PASS
1024,1024,cuda_naive,block_shared256,end_to_end_wall,2.566563,2.309566,3.367939,1,9.31322574615e-10,2e-6,2e-5,5,21,1,20260829,PASS
1024,1024,cuda_block_shuffle,block_shuffle256,end_to_end_wall,2.607564,2.32044,2.908492,0.984276128985,9.31322574615e-10,2e-6,2e-5,5,21,1,20260829,PASS
1024,1024,cuda_warp_register,warp_reg32,end_to_end_wall,2.546232,2.300252,2.86334,1.0079847398,9.31322574615e-10,2e-6,2e-5,5,21,1,20260829,PASS
1024,2048,cuda_naive,block_shared256,batched_event_per_launch,0.0417638397217,0.0416310405731,0.0419708776474,1,4.65661287308e-10,2e-6,2e-5,5,21,100,20260829,PASS
1024,2048,cuda_block_shuffle,block_shuffle256,batched_event_per_launch,0.0415583992004,0.0414300823212,0.0418505620956,1.00494341758,4.65661287308e-10,2e-6,2e-5,5,21,100,20260829,PASS
1024,2048,cuda_warp_register,block_shuffle256_fallback,batched_event_per_launch,0.041529917717,0.0414524793625,0.0418294382095,1.00563261421,4.65661287308e-10,2e-6,2e-5,5,21,100,20260829,PASS
1024,2048,cuda_naive,block_shared256,end_to_end_wall,4.89669,4.372012,5.252798,1,4.65661287308e-10,2e-6,2e-5,5,21,1,20260829,PASS
1024,2048,cuda_block_shuffle,block_shuffle256,end_to_end_wall,4.861325,4.344282,6.206328,1.00727476562,4.65661287308e-10,2e-6,2e-5,5,21,1,20260829,PASS
1024,2048,cuda_warp_register,block_shuffle256_fallback,end_to_end_wall,4.83259,4.338923,6.122347,1.01326410889,4.65661287308e-10,2e-6,2e-5,5,21,1,20260829,PASS
1024,4097,cuda_naive,block_shared256,batched_event_per_launch,0.155648317337,0.155313282013,0.156075201035,1,2.32830643654e-10,2e-6,2e-5,5,21,100,20260829,PASS
1024,4097,cuda_block_shuffle,block_shuffle256,batched_event_per_launch,0.154614400864,0.154343357086,0.155335035324,1.00668706451,2.32830643654e-10,2e-6,2e-5,5,21,100,20260829,PASS
1024,4097,cuda_warp_register,block_shuffle256_fallback,batched_event_per_launch,0.154605436325,0.15413599968,0.155512962341,1.00674543559,2.32830643654e-10,2e-6,2e-5,5,21,100,20260829,PASS
1024,4097,cuda_naive,block_shared256,end_to_end_wall,10.008182,9.359796,10.514424,1,2.32830643654e-10,2e-6,2e-5,5,21,1,20260829,PASS
1024,4097,cuda_block_shuffle,block_shuffle256,end_to_end_wall,9.912128,9.333432,10.940553,1.00969055283,2.32830643654e-10,2e-6,2e-5,5,21,1,20260829,PASS
1024,4097,cuda_warp_register,block_shuffle256_fallback,end_to_end_wall,9.991915,9.23634,10.584438,1.00162801625,2.32830643654e-10,2e-6,2e-5,5,21,1,20260829,PASS
